location,date,hits
AK,2020-02-01,0
AK,2020-02-02,0
AK,2020-02-03,0
AK,2020-02-04,0
AK,2020-02-05,0
AK,2020-02-06,0
AK,2020-02-07,0
AK,2020-02-08,0
AK,2020-02-09,0
AK,2020-02-10,0
AK,2020-02-11,0
AK,2020-02-12,0
AK,2020-02-13,0
AK,2020-02-14,0
AK,2020-02-15,0
AK,2020-02-16,0
AK,2020-02-17,0
AK,2020-02-18,0
AK,2020-02-19,0
AK,2020-02-20,0
AK,2020-02-21,0
AK,2020-02-22,0
AK,2020-02-23,0
AK,2020-02-24,0
AK,2020-02-25,0
AK,2020-02-26,0
AK,2020-02-27,0
AK,2020-02-28,0
AK,2020-02-29,0
AK,2020-03-01,0
AK,2020-03-02,0
AK,2020-03-03,0
AK,2020-03-04,93.86666666666666
AK,2020-03-05,0
AK,2020-03-06,0
AK,2020-03-07,0
AK,2020-03-08,0
AK,2020-03-09,0
AK,2020-03-10,0
AK,2020-03-11,0
AK,2020-03-12,0
AK,2020-03-13,0
AK,2020-03-14,0
AK,2020-03-15,0
AK,2020-03-16,0
AK,2020-03-17,95.82222222222222
AK,2020-03-18,0
AK,2020-03-19,0
AK,2020-03-20,0
AK,2020-03-21,101.68888888888888
AK,2020-03-22,0
AK,2020-03-23,86.04444444444444
AK,2020-03-24,86.04444444444444
AK,2020-03-25,0
AK,2020-03-26,0
AK,2020-03-27,86.04444444444444
AK,2020-03-28,0
AK,2020-03-29,93.86666666666666
AK,2020-03-30,160.35555555555555
AK,2020-03-31,82.13333333333333
AK,2020-04-01,0
AK,2020-04-02,80.17777777777778
AK,2020-04-03,172.08888888888887
AK,2020-04-04,93.86666666666666
AK,2020-04-05,95.82222222222222
AK,2020-04-06,160.35555555555555
AK,2020-04-07,168.17777777777778
AK,2020-04-08,0
AK,2020-04-09,82.13333333333333
AK,2020-04-10,86.04444444444444
AK,2020-04-11,0
AK,2020-04-12,0
AK,2020-04-13,168.17777777777778
AK,2020-04-14,0
AK,2020-04-15,80.17777777777778
AK,2020-04-16,78.22222222222221
AK,2020-04-17,84.08888888888889
AK,2020-04-18,0
AL,2020-02-01,0
AL,2020-02-02,0
AL,2020-02-03,0
AL,2020-02-04,0
AL,2020-02-05,0
AL,2020-02-06,0
AL,2020-02-07,0
AL,2020-02-08,0
AL,2020-02-09,0
AL,2020-02-10,0
AL,2020-02-11,0
AL,2020-02-12,11.11111111111111
AL,2020-02-13,0
AL,2020-02-14,0
AL,2020-02-15,13.333333333333334
AL,2020-02-16,0
AL,2020-02-17,0
AL,2020-02-18,0
AL,2020-02-19,0
AL,2020-02-20,0
AL,2020-02-21,13.333333333333334
AL,2020-02-22,0
AL,2020-02-23,0
AL,2020-02-24,13.333333333333334
AL,2020-02-25,0
AL,2020-02-26,0
AL,2020-02-27,0
AL,2020-02-28,0
AL,2020-02-29,17.77777777777778
AL,2020-03-01,0
AL,2020-03-02,0
AL,2020-03-03,0
AL,2020-03-04,0
AL,2020-03-05,0
AL,2020-03-06,0
AL,2020-03-07,0
AL,2020-03-08,0
AL,2020-03-09,0
AL,2020-03-10,13.333333333333334
AL,2020-03-11,0
AL,2020-03-12,0
AL,2020-03-13,0
AL,2020-03-14,0
AL,2020-03-15,0
AL,2020-03-16,13.333333333333334
AL,2020-03-17,0
AL,2020-03-18,71.11111111111111
AL,2020-03-19,28.88888888888889
AL,2020-03-20,82.22222222222223
AL,2020-03-21,46.66666666666667
AL,2020-03-22,46.66666666666667
AL,2020-03-23,91.11111111111111
AL,2020-03-24,55.55555555555556
AL,2020-03-25,55.55555555555556
AL,2020-03-26,126.66666666666667
AL,2020-03-27,162.22222222222223
AL,2020-03-28,111.11111111111111
AL,2020-03-29,44.44444444444444
AL,2020-03-30,153.33333333333334
AL,2020-03-31,144.44444444444446
AL,2020-04-01,177.77777777777777
AL,2020-04-02,206.66666666666669
AL,2020-04-03,140
AL,2020-04-04,77.77777777777779
AL,2020-04-05,108.8888888888889
AL,2020-04-06,155.55555555555557
AL,2020-04-07,131.11111111111111
AL,2020-04-08,64.44444444444444
AL,2020-04-09,146.66666666666669
AL,2020-04-10,222.22222222222223
AL,2020-04-11,95.55555555555556
AL,2020-04-12,102.22222222222223
AL,2020-04-13,102.22222222222223
AL,2020-04-14,115.55555555555556
AL,2020-04-15,37.77777777777778
AL,2020-04-16,64.44444444444444
AL,2020-04-17,140
AL,2020-04-18,73.33333333333334
AR,2020-02-01,0
AR,2020-02-02,0
AR,2020-02-03,0
AR,2020-02-04,0
AR,2020-02-05,0
AR,2020-02-06,0
AR,2020-02-07,0
AR,2020-02-08,0
AR,2020-02-09,0
AR,2020-02-10,0
AR,2020-02-11,0
AR,2020-02-12,0
AR,2020-02-13,0
AR,2020-02-14,0
AR,2020-02-15,0
AR,2020-02-16,0
AR,2020-02-17,0
AR,2020-02-18,0
AR,2020-02-19,0
AR,2020-02-20,0
AR,2020-02-21,0
AR,2020-02-22,0
AR,2020-02-23,0
AR,2020-02-24,0
AR,2020-02-25,0
AR,2020-02-26,0
AR,2020-02-27,0
AR,2020-02-28,0
AR,2020-02-29,0
AR,2020-03-01,0
AR,2020-03-02,0
AR,2020-03-03,0
AR,2020-03-04,0
AR,2020-03-05,0
AR,2020-03-06,0
AR,2020-03-07,0
AR,2020-03-08,0
AR,2020-03-09,0
AR,2020-03-10,0
AR,2020-03-11,0
AR,2020-03-12,0
AR,2020-03-13,0
AR,2020-03-14,0
AR,2020-03-15,23.400000000000002
AR,2020-03-16,0
AR,2020-03-17,37.800000000000004
AR,2020-03-18,77.4
AR,2020-03-19,93.60000000000001
AR,2020-03-20,129.6
AR,2020-03-21,45
AR,2020-03-22,21.6
AR,2020-03-23,135
AR,2020-03-24,81
AR,2020-03-25,41.4
AR,2020-03-26,84.60000000000001
AR,2020-03-27,59.4
AR,2020-03-28,43.2
AR,2020-03-29,45
AR,2020-03-30,145.8
AR,2020-03-31,111.60000000000001
AR,2020-04-01,113.4
AR,2020-04-02,113.4
AR,2020-04-03,37.800000000000004
AR,2020-04-04,21.6
AR,2020-04-05,66.60000000000001
AR,2020-04-06,72
AR,2020-04-07,37.800000000000004
AR,2020-04-08,111.60000000000001
AR,2020-04-09,95.4
AR,2020-04-10,79.2
AR,2020-04-11,45
AR,2020-04-12,86.4
AR,2020-04-13,18
AR,2020-04-14,54
AR,2020-04-15,36
AR,2020-04-16,54
AR,2020-04-17,37.800000000000004
AR,2020-04-18,21.6
AZ,2020-02-01,0
AZ,2020-02-02,0
AZ,2020-02-03,6.044444444444444
AZ,2020-02-04,0
AZ,2020-02-05,0
AZ,2020-02-06,6.044444444444444
AZ,2020-02-07,0
AZ,2020-02-08,0
AZ,2020-02-09,0
AZ,2020-02-10,0
AZ,2020-02-11,0
AZ,2020-02-12,0
AZ,2020-02-13,6.044444444444444
AZ,2020-02-14,0
AZ,2020-02-15,0
AZ,2020-02-16,0
AZ,2020-02-17,0
AZ,2020-02-18,0
AZ,2020-02-19,6.044444444444444
AZ,2020-02-20,0
AZ,2020-02-21,0
AZ,2020-02-22,0
AZ,2020-02-23,0
AZ,2020-02-24,0
AZ,2020-02-25,0
AZ,2020-02-26,6.044444444444444
AZ,2020-02-27,0
AZ,2020-02-28,0
AZ,2020-02-29,0
AZ,2020-03-01,0
AZ,2020-03-02,6.044444444444444
AZ,2020-03-03,6.044444444444444
AZ,2020-03-04,6.044444444444444
AZ,2020-03-05,6.044444444444444
AZ,2020-03-06,0
AZ,2020-03-07,0
AZ,2020-03-08,0
AZ,2020-03-09,0
AZ,2020-03-10,0
AZ,2020-03-11,0
AZ,2020-03-12,0
AZ,2020-03-13,6.044444444444444
AZ,2020-03-14,0
AZ,2020-03-15,0
AZ,2020-03-16,10.577777777777778
AZ,2020-03-17,16.62222222222222
AZ,2020-03-18,31.733333333333334
AZ,2020-03-19,16.62222222222222
AZ,2020-03-20,33.24444444444444
AZ,2020-03-21,31.733333333333334
AZ,2020-03-22,12.088888888888889
AZ,2020-03-23,36.266666666666666
AZ,2020-03-24,60.44444444444444
AZ,2020-03-25,60.44444444444444
AZ,2020-03-26,33.24444444444444
AZ,2020-03-27,78.57777777777778
AZ,2020-03-28,66.48888888888888
AZ,2020-03-29,102.75555555555556
AZ,2020-03-30,51.37777777777778
AZ,2020-03-31,61.955555555555556
AZ,2020-04-01,52.888888888888886
AZ,2020-04-02,95.2
AZ,2020-04-03,46.84444444444444
AZ,2020-04-04,28.71111111111111
AZ,2020-04-05,18.133333333333333
AZ,2020-04-06,68
AZ,2020-04-07,36.266666666666666
AZ,2020-04-08,36.266666666666666
AZ,2020-04-09,27.2
AZ,2020-04-10,33.24444444444444
AZ,2020-04-11,36.266666666666666
AZ,2020-04-12,0
AZ,2020-04-13,21.155555555555555
AZ,2020-04-14,21.155555555555555
AZ,2020-04-15,45.33333333333333
AZ,2020-04-16,51.37777777777778
AZ,2020-04-17,25.68888888888889
AZ,2020-04-18,16.62222222222222
CA,2020-02-01,0
CA,2020-02-02,1
CA,2020-02-03,2
CA,2020-02-04,2
CA,2020-02-05,2
CA,2020-02-06,2
CA,2020-02-07,1
CA,2020-02-08,1
CA,2020-02-09,0
CA,2020-02-10,1
CA,2020-02-11,1
CA,2020-02-12,1
CA,2020-02-13,1
CA,2020-02-14,1
CA,2020-02-15,0
CA,2020-02-16,1
CA,2020-02-17,0
CA,2020-02-18,2
CA,2020-02-19,1
CA,2020-02-20,1
CA,2020-02-21,1
CA,2020-02-22,1
CA,2020-02-23,0
CA,2020-02-24,1
CA,2020-02-25,1
CA,2020-02-26,1
CA,2020-02-27,1
CA,2020-02-28,2
CA,2020-02-29,1
CA,2020-03-01,1
CA,2020-03-02,2
CA,2020-03-03,2
CA,2020-03-04,1
CA,2020-03-05,1
CA,2020-03-06,2
CA,2020-03-07,1
CA,2020-03-08,1
CA,2020-03-09,2
CA,2020-03-10,1
CA,2020-03-11,0
CA,2020-03-12,2
CA,2020-03-13,5
CA,2020-03-14,4
CA,2020-03-15,4
CA,2020-03-16,18
CA,2020-03-17,35
CA,2020-03-18,27
CA,2020-03-19,27
CA,2020-03-20,34
CA,2020-03-21,27
CA,2020-03-22,18
CA,2020-03-23,29
CA,2020-03-24,22
CA,2020-03-25,34
CA,2020-03-26,44
CA,2020-03-27,37
CA,2020-03-28,38
CA,2020-03-29,25
CA,2020-03-30,38
CA,2020-03-31,34
CA,2020-04-01,34
CA,2020-04-02,35
CA,2020-04-03,29
CA,2020-04-04,19
CA,2020-04-05,16
CA,2020-04-06,21
CA,2020-04-07,23
CA,2020-04-08,20
CA,2020-04-09,26
CA,2020-04-10,25
CA,2020-04-11,18
CA,2020-04-12,17
CA,2020-04-13,19
CA,2020-04-14,23
CA,2020-04-15,25
CA,2020-04-16,28
CA,2020-04-17,20
CA,2020-04-18,18
CO,2020-02-01,0
CO,2020-02-02,0
CO,2020-02-03,7
CO,2020-02-04,0
CO,2020-02-05,7
CO,2020-02-06,0
CO,2020-02-07,0
CO,2020-02-08,0
CO,2020-02-09,8.75
CO,2020-02-10,0
CO,2020-02-11,0
CO,2020-02-12,0
CO,2020-02-13,7
CO,2020-02-14,0
CO,2020-02-15,0
CO,2020-02-16,0
CO,2020-02-17,8.75
CO,2020-02-18,7
CO,2020-02-19,0
CO,2020-02-20,7
CO,2020-02-21,7
CO,2020-02-22,17.5
CO,2020-02-23,0
CO,2020-02-24,0
CO,2020-02-25,7
CO,2020-02-26,0
CO,2020-02-27,7
CO,2020-02-28,0
CO,2020-02-29,8.75
CO,2020-03-01,0
CO,2020-03-02,0
CO,2020-03-03,0
CO,2020-03-04,0
CO,2020-03-05,0
CO,2020-03-06,0
CO,2020-03-07,0
CO,2020-03-08,8.75
CO,2020-03-09,0
CO,2020-03-10,0
CO,2020-03-11,0
CO,2020-03-12,7
CO,2020-03-13,10.5
CO,2020-03-14,17.5
CO,2020-03-15,8.75
CO,2020-03-16,29.75
CO,2020-03-17,78.75
CO,2020-03-18,70
CO,2020-03-19,64.75
CO,2020-03-20,80.5
CO,2020-03-21,49
CO,2020-03-22,36.75
CO,2020-03-23,61.25
CO,2020-03-24,50.75
CO,2020-03-25,70
CO,2020-03-26,134.75
CO,2020-03-27,101.5
CO,2020-03-28,80.5
CO,2020-03-29,80.5
CO,2020-03-30,59.5
CO,2020-03-31,66.5
CO,2020-04-01,57.75
CO,2020-04-02,84
CO,2020-04-03,78.75
CO,2020-04-04,43.75
CO,2020-04-05,21
CO,2020-04-06,52.5
CO,2020-04-07,42
CO,2020-04-08,31.5
CO,2020-04-09,49
CO,2020-04-10,57.75
CO,2020-04-11,24.5
CO,2020-04-12,19.25
CO,2020-04-13,21
CO,2020-04-14,47.25
CO,2020-04-15,42
CO,2020-04-16,64.75
CO,2020-04-17,31.5
CO,2020-04-18,22.75
CT,2020-02-01,0
CT,2020-02-02,10.545454545454545
CT,2020-02-03,7.909090909090908
CT,2020-02-04,0
CT,2020-02-05,0
CT,2020-02-06,0
CT,2020-02-07,0
CT,2020-02-08,0
CT,2020-02-09,0
CT,2020-02-10,0
CT,2020-02-11,0
CT,2020-02-12,0
CT,2020-02-13,0
CT,2020-02-14,0
CT,2020-02-15,10.545454545454545
CT,2020-02-16,0
CT,2020-02-17,9.227272727272727
CT,2020-02-18,0
CT,2020-02-19,0
CT,2020-02-20,9.227272727272727
CT,2020-02-21,0
CT,2020-02-22,0
CT,2020-02-23,0
CT,2020-02-24,0
CT,2020-02-25,0
CT,2020-02-26,0
CT,2020-02-27,0
CT,2020-02-28,9.227272727272727
CT,2020-02-29,0
CT,2020-03-01,0
CT,2020-03-02,0
CT,2020-03-03,0
CT,2020-03-04,0
CT,2020-03-05,0
CT,2020-03-06,9.227272727272727
CT,2020-03-07,10.545454545454545
CT,2020-03-08,0
CT,2020-03-09,9.227272727272727
CT,2020-03-10,0
CT,2020-03-11,17.136363636363637
CT,2020-03-12,7.909090909090908
CT,2020-03-13,9.227272727272727
CT,2020-03-14,10.545454545454545
CT,2020-03-15,19.772727272727273
CT,2020-03-16,30.318181818181817
CT,2020-03-17,54.04545454545454
CT,2020-03-18,17.136363636363637
CT,2020-03-19,32.95454545454545
CT,2020-03-20,39.54545454545455
CT,2020-03-21,29
CT,2020-03-22,27.68181818181818
CT,2020-03-23,32.95454545454545
CT,2020-03-24,15.818181818181817
CT,2020-03-25,56.68181818181818
CT,2020-03-26,48.77272727272727
CT,2020-03-27,58
CT,2020-03-28,35.590909090909086
CT,2020-03-29,52.72727272727273
CT,2020-03-30,48.77272727272727
CT,2020-03-31,52.72727272727273
CT,2020-04-01,72.5
CT,2020-04-02,48.77272727272727
CT,2020-04-03,36.90909090909091
CT,2020-04-04,55.36363636363636
CT,2020-04-05,54.04545454545454
CT,2020-04-06,22.409090909090907
CT,2020-04-07,43.5
CT,2020-04-08,30.318181818181817
CT,2020-04-09,30.318181818181817
CT,2020-04-10,46.13636363636363
CT,2020-04-11,18.454545454545453
CT,2020-04-12,18.454545454545453
CT,2020-04-13,15.818181818181817
CT,2020-04-14,23.727272727272727
CT,2020-04-15,26.363636363636363
CT,2020-04-16,76.45454545454545
CT,2020-04-17,19.772727272727273
CT,2020-04-18,17.136363636363637
DC,2020-02-01,0
DC,2020-02-02,0
DC,2020-02-03,0
DC,2020-02-04,0
DC,2020-02-05,0
DC,2020-02-06,0
DC,2020-02-07,0
DC,2020-02-08,0
DC,2020-02-09,0
DC,2020-02-10,0
DC,2020-02-11,0
DC,2020-02-12,0
DC,2020-02-13,0
DC,2020-02-14,0
DC,2020-02-15,0
DC,2020-02-16,0
DC,2020-02-17,0
DC,2020-02-18,0
DC,2020-02-19,0
DC,2020-02-20,34.44736842105263
DC,2020-02-21,0
DC,2020-02-22,0
DC,2020-02-23,0
DC,2020-02-24,0
DC,2020-02-25,0
DC,2020-02-26,32.421052631578945
DC,2020-02-27,0
DC,2020-02-28,0
DC,2020-02-29,0
DC,2020-03-01,52.68421052631579
DC,2020-03-02,0
DC,2020-03-03,0
DC,2020-03-04,0
DC,2020-03-05,0
DC,2020-03-06,0
DC,2020-03-07,0
DC,2020-03-08,52.68421052631579
DC,2020-03-09,0
DC,2020-03-10,0
DC,2020-03-11,32.421052631578945
DC,2020-03-12,0
DC,2020-03-13,0
DC,2020-03-14,0
DC,2020-03-15,0
DC,2020-03-16,36.473684210526315
DC,2020-03-17,79.02631578947368
DC,2020-03-18,60.78947368421052
DC,2020-03-19,62.815789473684205
DC,2020-03-20,87.13157894736841
DC,2020-03-21,0
DC,2020-03-22,0
DC,2020-03-23,81.05263157894737
DC,2020-03-24,64.84210526315789
DC,2020-03-25,129.68421052631578
DC,2020-03-26,156.02631578947367
DC,2020-03-27,44.57894736842105
DC,2020-03-28,87.13157894736841
DC,2020-03-29,56.73684210526315
DC,2020-03-30,87.13157894736841
DC,2020-03-31,0
DC,2020-04-01,64.84210526315789
DC,2020-04-02,131.71052631578945
DC,2020-04-03,44.57894736842105
DC,2020-04-04,85.10526315789473
DC,2020-04-05,0
DC,2020-04-06,0
DC,2020-04-07,0
DC,2020-04-08,44.57894736842105
DC,2020-04-09,0
DC,2020-04-10,46.60526315789473
DC,2020-04-11,56.73684210526315
DC,2020-04-12,56.73684210526315
DC,2020-04-13,66.86842105263158
DC,2020-04-14,44.57894736842105
DC,2020-04-15,109.42105263157895
DC,2020-04-16,0
DC,2020-04-17,44.57894736842105
DC,2020-04-18,83.07894736842104
DE,2020-02-01,0
DE,2020-02-02,0
DE,2020-02-03,0
DE,2020-02-04,0
DE,2020-02-05,0
DE,2020-02-06,0
DE,2020-02-07,0
DE,2020-02-08,0
DE,2020-02-09,0
DE,2020-02-10,0
DE,2020-02-11,0
DE,2020-02-12,0
DE,2020-02-13,0
DE,2020-02-14,0
DE,2020-02-15,0
DE,2020-02-16,0
DE,2020-02-17,0
DE,2020-02-18,0
DE,2020-02-19,0
DE,2020-02-20,0
DE,2020-02-21,0
DE,2020-02-22,0
DE,2020-02-23,0
DE,2020-02-24,0
DE,2020-02-25,0
DE,2020-02-26,0
DE,2020-02-27,0
DE,2020-02-28,0
DE,2020-02-29,0
DE,2020-03-01,0
DE,2020-03-02,0
DE,2020-03-03,0
DE,2020-03-04,0
DE,2020-03-05,0
DE,2020-03-06,0
DE,2020-03-07,0
DE,2020-03-08,0
DE,2020-03-09,0
DE,2020-03-10,0
DE,2020-03-11,0
DE,2020-03-12,0
DE,2020-03-13,0
DE,2020-03-14,75
DE,2020-03-15,70.45454545454547
DE,2020-03-16,65.90909090909092
DE,2020-03-17,63.63636363636364
DE,2020-03-18,65.90909090909092
DE,2020-03-19,63.63636363636364
DE,2020-03-20,63.63636363636364
DE,2020-03-21,70.45454545454547
DE,2020-03-22,134.0909090909091
DE,2020-03-23,86.36363636363637
DE,2020-03-24,95.45454545454547
DE,2020-03-25,129.54545454545456
DE,2020-03-26,127.27272727272728
DE,2020-03-27,179.54545454545456
DE,2020-03-28,65.90909090909092
DE,2020-03-29,131.81818181818184
DE,2020-03-30,118.18181818181819
DE,2020-03-31,0
DE,2020-04-01,59.09090909090909
DE,2020-04-02,56.81818181818182
DE,2020-04-03,118.18181818181819
DE,2020-04-04,65.90909090909092
DE,2020-04-05,68.18181818181819
DE,2020-04-06,118.18181818181819
DE,2020-04-07,88.63636363636364
DE,2020-04-08,120.45454545454547
DE,2020-04-09,145.45454545454547
DE,2020-04-10,61.36363636363637
DE,2020-04-11,65.90909090909092
DE,2020-04-12,68.18181818181819
DE,2020-04-13,59.09090909090909
DE,2020-04-14,172.72727272727275
DE,2020-04-15,227.27272727272728
DE,2020-04-16,113.63636363636364
DE,2020-04-17,118.18181818181819
DE,2020-04-18,93.18181818181819
FL,2020-02-01,1.9183673469387754
FL,2020-02-02,0
FL,2020-02-03,1.9183673469387754
FL,2020-02-04,3.836734693877551
FL,2020-02-05,0
FL,2020-02-06,0
FL,2020-02-07,0
FL,2020-02-08,0
FL,2020-02-09,3.836734693877551
FL,2020-02-10,1.9183673469387754
FL,2020-02-11,0
FL,2020-02-12,1.9183673469387754
FL,2020-02-13,1.9183673469387754
FL,2020-02-14,1.9183673469387754
FL,2020-02-15,0
FL,2020-02-16,0
FL,2020-02-17,1.9183673469387754
FL,2020-02-18,5.755102040816326
FL,2020-02-19,1.9183673469387754
FL,2020-02-20,1.9183673469387754
FL,2020-02-21,5.755102040816326
FL,2020-02-22,1.9183673469387754
FL,2020-02-23,0
FL,2020-02-24,1.9183673469387754
FL,2020-02-25,3.836734693877551
FL,2020-02-26,1.9183673469387754
FL,2020-02-27,0
FL,2020-02-28,0
FL,2020-02-29,1.9183673469387754
FL,2020-03-01,0
FL,2020-03-02,1.9183673469387754
FL,2020-03-03,1.9183673469387754
FL,2020-03-04,1.9183673469387754
FL,2020-03-05,0
FL,2020-03-06,1.9183673469387754
FL,2020-03-07,1.9183673469387754
FL,2020-03-08,5.755102040816326
FL,2020-03-09,3.836734693877551
FL,2020-03-10,3.836734693877551
FL,2020-03-11,5.755102040816326
FL,2020-03-12,0
FL,2020-03-13,7.673469387755102
FL,2020-03-14,7.673469387755102
FL,2020-03-15,1.9183673469387754
FL,2020-03-16,17.26530612244898
FL,2020-03-17,13.428571428571427
FL,2020-03-18,30.693877551020407
FL,2020-03-19,51.795918367346935
FL,2020-03-20,78.65306122448979
FL,2020-03-21,57.55102040816326
FL,2020-03-22,63.306122448979586
FL,2020-03-23,90.16326530612244
FL,2020-03-24,65.22448979591836
FL,2020-03-25,88.24489795918367
FL,2020-03-26,180.32653061224488
FL,2020-03-27,147.7142857142857
FL,2020-03-28,105.51020408163265
FL,2020-03-29,103.59183673469387
FL,2020-03-30,109.3469387755102
FL,2020-03-31,138.12244897959184
FL,2020-04-01,130.44897959183672
FL,2020-04-02,134.28571428571428
FL,2020-04-03,128.53061224489795
FL,2020-04-04,103.59183673469387
FL,2020-04-05,63.306122448979586
FL,2020-04-06,84.40816326530611
FL,2020-04-07,88.24489795918367
FL,2020-04-08,94
FL,2020-04-09,78.65306122448979
FL,2020-04-10,65.22448979591836
FL,2020-04-11,30.693877551020407
FL,2020-04-12,30.693877551020407
FL,2020-04-13,61.38775510204081
FL,2020-04-14,47.95918367346938
FL,2020-04-15,63.306122448979586
FL,2020-04-16,61.38775510204081
FL,2020-04-17,53.71428571428571
FL,2020-04-18,36.44897959183673
GA,2020-02-01,0
GA,2020-02-02,4.224489795918368
GA,2020-02-03,2.816326530612245
GA,2020-02-04,8.448979591836736
GA,2020-02-05,4.224489795918368
GA,2020-02-06,0
GA,2020-02-07,0
GA,2020-02-08,4.224489795918368
GA,2020-02-09,0
GA,2020-02-10,0
GA,2020-02-11,0
GA,2020-02-12,7.040816326530612
GA,2020-02-13,0
GA,2020-02-14,4.224489795918368
GA,2020-02-15,4.224489795918368
GA,2020-02-16,4.224489795918368
GA,2020-02-17,0
GA,2020-02-18,4.224489795918368
GA,2020-02-19,0
GA,2020-02-20,4.224489795918368
GA,2020-02-21,4.224489795918368
GA,2020-02-22,4.224489795918368
GA,2020-02-23,0
GA,2020-02-24,0
GA,2020-02-25,4.224489795918368
GA,2020-02-26,0
GA,2020-02-27,0
GA,2020-02-28,4.224489795918368
GA,2020-02-29,0
GA,2020-03-01,0
GA,2020-03-02,0
GA,2020-03-03,0
GA,2020-03-04,2.816326530612245
GA,2020-03-05,0
GA,2020-03-06,0
GA,2020-03-07,0
GA,2020-03-08,0
GA,2020-03-09,0
GA,2020-03-10,2.816326530612245
GA,2020-03-11,2.816326530612245
GA,2020-03-12,9.857142857142858
GA,2020-03-13,2.816326530612245
GA,2020-03-14,4.224489795918368
GA,2020-03-15,4.224489795918368
GA,2020-03-16,12.673469387755102
GA,2020-03-17,28.163265306122447
GA,2020-03-18,22.53061224489796
GA,2020-03-19,40.83673469387755
GA,2020-03-20,47.87755102040816
GA,2020-03-21,29.571428571428573
GA,2020-03-22,29.571428571428573
GA,2020-03-23,60.55102040816327
GA,2020-03-24,50.69387755102041
GA,2020-03-25,70.40816326530613
GA,2020-03-26,85.89795918367346
GA,2020-03-27,83.08163265306122
GA,2020-03-28,66.18367346938776
GA,2020-03-29,57.734693877551024
GA,2020-03-30,81.6734693877551
GA,2020-03-31,71.81632653061224
GA,2020-04-01,74.63265306122449
GA,2020-04-02,97.16326530612245
GA,2020-04-03,85.89795918367346
GA,2020-04-04,56.326530612244895
GA,2020-04-05,29.571428571428573
GA,2020-04-06,53.51020408163265
GA,2020-04-07,45.06122448979592
GA,2020-04-08,43.6530612244898
GA,2020-04-09,40.83673469387755
GA,2020-04-10,36.61224489795919
GA,2020-04-11,30.979591836734695
GA,2020-04-12,21.122448979591837
GA,2020-04-13,36.61224489795919
GA,2020-04-14,56.326530612244895
GA,2020-04-15,43.6530612244898
GA,2020-04-16,56.326530612244895
GA,2020-04-17,39.42857142857143
GA,2020-04-18,28.163265306122447
HI,2020-02-01,0
HI,2020-02-02,0
HI,2020-02-03,0
HI,2020-02-04,51.02040816326531
HI,2020-02-05,0
HI,2020-02-06,0
HI,2020-02-07,0
HI,2020-02-08,0
HI,2020-02-09,0
HI,2020-02-10,0
HI,2020-02-11,0
HI,2020-02-12,0
HI,2020-02-13,0
HI,2020-02-14,0
HI,2020-02-15,0
HI,2020-02-16,0
HI,2020-02-17,0
HI,2020-02-18,0
HI,2020-02-19,0
HI,2020-02-20,44.89795918367347
HI,2020-02-21,0
HI,2020-02-22,0
HI,2020-02-23,0
HI,2020-02-24,0
HI,2020-02-25,0
HI,2020-02-26,0
HI,2020-02-27,44.89795918367347
HI,2020-02-28,0
HI,2020-02-29,0
HI,2020-03-01,0
HI,2020-03-02,0
HI,2020-03-03,0
HI,2020-03-04,0
HI,2020-03-05,0
HI,2020-03-06,0
HI,2020-03-07,0
HI,2020-03-08,0
HI,2020-03-09,0
HI,2020-03-10,0
HI,2020-03-11,0
HI,2020-03-12,0
HI,2020-03-13,0
HI,2020-03-14,0
HI,2020-03-15,0
HI,2020-03-16,0
HI,2020-03-17,42.85714285714286
HI,2020-03-18,87.75510204081633
HI,2020-03-19,67.34693877551021
HI,2020-03-20,89.79591836734694
HI,2020-03-21,97.9591836734694
HI,2020-03-22,151.0204081632653
HI,2020-03-23,204.08163265306123
HI,2020-03-24,136.73469387755102
HI,2020-03-25,65.3061224489796
HI,2020-03-26,189.79591836734696
HI,2020-03-27,181.6326530612245
HI,2020-03-28,48.9795918367347
HI,2020-03-29,75.51020408163265
HI,2020-03-30,89.79591836734694
HI,2020-03-31,130.6122448979592
HI,2020-04-01,110.20408163265306
HI,2020-04-02,65.3061224489796
HI,2020-04-03,44.89795918367347
HI,2020-04-04,97.9591836734694
HI,2020-04-05,75.51020408163265
HI,2020-04-06,44.89795918367347
HI,2020-04-07,87.75510204081633
HI,2020-04-08,89.79591836734694
HI,2020-04-09,89.79591836734694
HI,2020-04-10,69.38775510204081
HI,2020-04-11,48.9795918367347
HI,2020-04-12,126.53061224489797
HI,2020-04-13,0
HI,2020-04-14,42.85714285714286
HI,2020-04-15,85.71428571428572
HI,2020-04-16,85.71428571428572
HI,2020-04-17,85.71428571428572
HI,2020-04-18,73.46938775510205
IA,2020-02-01,0
IA,2020-02-02,0
IA,2020-02-03,0
IA,2020-02-04,17.78048780487805
IA,2020-02-05,0
IA,2020-02-06,17.78048780487805
IA,2020-02-07,0
IA,2020-02-08,0
IA,2020-02-09,0
IA,2020-02-10,0
IA,2020-02-11,17.78048780487805
IA,2020-02-12,0
IA,2020-02-13,0
IA,2020-02-14,0
IA,2020-02-15,0
IA,2020-02-16,0
IA,2020-02-17,0
IA,2020-02-18,0
IA,2020-02-19,17.78048780487805
IA,2020-02-20,0
IA,2020-02-21,0
IA,2020-02-22,0
IA,2020-02-23,0
IA,2020-02-24,0
IA,2020-02-25,0
IA,2020-02-26,0
IA,2020-02-27,17.78048780487805
IA,2020-02-28,0
IA,2020-02-29,0
IA,2020-03-01,0
IA,2020-03-02,0
IA,2020-03-03,0
IA,2020-03-04,17.78048780487805
IA,2020-03-05,0
IA,2020-03-06,0
IA,2020-03-07,0
IA,2020-03-08,0
IA,2020-03-09,0
IA,2020-03-10,0
IA,2020-03-11,0
IA,2020-03-12,0
IA,2020-03-13,0
IA,2020-03-14,0
IA,2020-03-15,0
IA,2020-03-16,55.3170731707317
IA,2020-03-17,77.04878048780488
IA,2020-03-18,94.82926829268293
IA,2020-03-19,0
IA,2020-03-20,53.34146341463415
IA,2020-03-21,61.24390243902439
IA,2020-03-22,39.51219512195122
IA,2020-03-23,100.7560975609756
IA,2020-03-24,88.90243902439025
IA,2020-03-25,69.14634146341463
IA,2020-03-26,35.5609756097561
IA,2020-03-27,98.78048780487805
IA,2020-03-28,17.78048780487805
IA,2020-03-29,128.41463414634146
IA,2020-03-30,160.02439024390245
IA,2020-03-31,73.09756097560975
IA,2020-04-01,71.1219512195122
IA,2020-04-02,69.14634146341463
IA,2020-04-03,17.78048780487805
IA,2020-04-04,39.51219512195122
IA,2020-04-05,81
IA,2020-04-06,86.92682926829268
IA,2020-04-07,37.53658536585366
IA,2020-04-08,124.46341463414635
IA,2020-04-09,86.92682926829268
IA,2020-04-10,37.53658536585366
IA,2020-04-11,19.75609756097561
IA,2020-04-12,77.04878048780488
IA,2020-04-13,0
IA,2020-04-14,33.58536585365854
IA,2020-04-15,65.1951219512195
IA,2020-04-16,33.58536585365854
IA,2020-04-17,0
IA,2020-04-18,0
ID,2020-02-01,0
ID,2020-02-02,0
ID,2020-02-03,0
ID,2020-02-04,0
ID,2020-02-05,0
ID,2020-02-06,0
ID,2020-02-07,0
ID,2020-02-08,0
ID,2020-02-09,0
ID,2020-02-10,37.714285714285715
ID,2020-02-11,0
ID,2020-02-12,0
ID,2020-02-13,0
ID,2020-02-14,0
ID,2020-02-15,0
ID,2020-02-16,0
ID,2020-02-17,0
ID,2020-02-18,0
ID,2020-02-19,0
ID,2020-02-20,0
ID,2020-02-21,0
ID,2020-02-22,0
ID,2020-02-23,0
ID,2020-02-24,0
ID,2020-02-25,0
ID,2020-02-26,0
ID,2020-02-27,0
ID,2020-02-28,0
ID,2020-02-29,0
ID,2020-03-01,0
ID,2020-03-02,0
ID,2020-03-03,0
ID,2020-03-04,0
ID,2020-03-05,0
ID,2020-03-06,0
ID,2020-03-07,0
ID,2020-03-08,0
ID,2020-03-09,0
ID,2020-03-10,0
ID,2020-03-11,0
ID,2020-03-12,0
ID,2020-03-13,0
ID,2020-03-14,0
ID,2020-03-15,0
ID,2020-03-16,0
ID,2020-03-17,34.12244897959184
ID,2020-03-18,66.44897959183673
ID,2020-03-19,102.36734693877551
ID,2020-03-20,50.285714285714285
ID,2020-03-21,39.51020408163265
ID,2020-03-22,39.51020408163265
ID,2020-03-23,32.326530612244895
ID,2020-03-24,34.12244897959184
ID,2020-03-25,96.9795918367347
ID,2020-03-26,84.40816326530613
ID,2020-03-27,48.48979591836735
ID,2020-03-28,73.63265306122449
ID,2020-03-29,91.59183673469387
ID,2020-03-30,62.857142857142854
ID,2020-03-31,75.42857142857143
ID,2020-04-01,43.10204081632653
ID,2020-04-02,30.53061224489796
ID,2020-04-03,48.48979591836735
ID,2020-04-04,71.83673469387755
ID,2020-04-05,0
ID,2020-04-06,30.53061224489796
ID,2020-04-07,158.0408163265306
ID,2020-04-08,96.9795918367347
ID,2020-04-09,34.12244897959184
ID,2020-04-10,34.12244897959184
ID,2020-04-11,35.91836734693877
ID,2020-04-12,35.91836734693877
ID,2020-04-13,32.326530612244895
ID,2020-04-14,30.53061224489796
ID,2020-04-15,28.73469387755102
ID,2020-04-16,30.53061224489796
ID,2020-04-17,96.9795918367347
ID,2020-04-18,35.91836734693877
IL,2020-02-01,0
IL,2020-02-02,0
IL,2020-02-03,0
IL,2020-02-04,0
IL,2020-02-05,0
IL,2020-02-06,0
IL,2020-02-07,5.853658536585366
IL,2020-02-08,0
IL,2020-02-09,0
IL,2020-02-10,2.926829268292683
IL,2020-02-11,0
IL,2020-02-12,5.853658536585366
IL,2020-02-13,0
IL,2020-02-14,2.926829268292683
IL,2020-02-15,2.926829268292683
IL,2020-02-16,2.926829268292683
IL,2020-02-17,0
IL,2020-02-18,4.390243902439025
IL,2020-02-19,2.926829268292683
IL,2020-02-20,5.853658536585366
IL,2020-02-21,2.926829268292683
IL,2020-02-22,0
IL,2020-02-23,0
IL,2020-02-24,2.926829268292683
IL,2020-02-25,0
IL,2020-02-26,2.926829268292683
IL,2020-02-27,0
IL,2020-02-28,2.926829268292683
IL,2020-02-29,0
IL,2020-03-01,2.926829268292683
IL,2020-03-02,2.926829268292683
IL,2020-03-03,0
IL,2020-03-04,0
IL,2020-03-05,2.926829268292683
IL,2020-03-06,0
IL,2020-03-07,2.926829268292683
IL,2020-03-08,2.926829268292683
IL,2020-03-09,2.926829268292683
IL,2020-03-10,2.926829268292683
IL,2020-03-11,2.926829268292683
IL,2020-03-12,2.926829268292683
IL,2020-03-13,0
IL,2020-03-14,2.926829268292683
IL,2020-03-15,5.853658536585366
IL,2020-03-16,39.512195121951216
IL,2020-03-17,39.512195121951216
IL,2020-03-18,40.97560975609756
IL,2020-03-19,58.536585365853654
IL,2020-03-20,33.65853658536585
IL,2020-03-21,39.512195121951216
IL,2020-03-22,23.414634146341463
IL,2020-03-23,55.609756097560975
IL,2020-03-24,54.146341463414636
IL,2020-03-25,43.90243902439024
IL,2020-03-26,65.85365853658537
IL,2020-03-27,55.609756097560975
IL,2020-03-28,65.85365853658537
IL,2020-03-29,48.292682926829265
IL,2020-03-30,87.80487804878048
IL,2020-03-31,86.34146341463415
IL,2020-04-01,55.609756097560975
IL,2020-04-02,68.78048780487805
IL,2020-04-03,67.3170731707317
IL,2020-04-04,40.97560975609756
IL,2020-04-05,33.65853658536585
IL,2020-04-06,39.512195121951216
IL,2020-04-07,36.58536585365854
IL,2020-04-08,58.536585365853654
IL,2020-04-09,48.292682926829265
IL,2020-04-10,38.048780487804876
IL,2020-04-11,19.024390243902438
IL,2020-04-12,14.634146341463413
IL,2020-04-13,19.024390243902438
IL,2020-04-14,35.1219512195122
IL,2020-04-15,46.829268292682926
IL,2020-04-16,45.36585365853659
IL,2020-04-17,27.804878048780488
IL,2020-04-18,26.341463414634145
IN,2020-02-01,0
IN,2020-02-02,0
IN,2020-02-03,0
IN,2020-02-04,0
IN,2020-02-05,0
IN,2020-02-06,0
IN,2020-02-07,0
IN,2020-02-08,0
IN,2020-02-09,0
IN,2020-02-10,0
IN,2020-02-11,0
IN,2020-02-12,9.75609756097561
IN,2020-02-13,0
IN,2020-02-14,9.75609756097561
IN,2020-02-15,0
IN,2020-02-16,0
IN,2020-02-17,0
IN,2020-02-18,0
IN,2020-02-19,9.75609756097561
IN,2020-02-20,0
IN,2020-02-21,0
IN,2020-02-22,0
IN,2020-02-23,0
IN,2020-02-24,0
IN,2020-02-25,0
IN,2020-02-26,0
IN,2020-02-27,0
IN,2020-02-28,0
IN,2020-02-29,0
IN,2020-03-01,0
IN,2020-03-02,0
IN,2020-03-03,0
IN,2020-03-04,19.51219512195122
IN,2020-03-05,9.75609756097561
IN,2020-03-06,0
IN,2020-03-07,0
IN,2020-03-08,12.195121951219512
IN,2020-03-09,0
IN,2020-03-10,0
IN,2020-03-11,9.75609756097561
IN,2020-03-12,0
IN,2020-03-13,0
IN,2020-03-14,0
IN,2020-03-15,0
IN,2020-03-16,41.46341463414634
IN,2020-03-17,102.4390243902439
IN,2020-03-18,112.1951219512195
IN,2020-03-19,178.04878048780486
IN,2020-03-20,58.536585365853654
IN,2020-03-21,78.04878048780488
IN,2020-03-22,56.09756097560975
IN,2020-03-23,139.02439024390245
IN,2020-03-24,121.95121951219512
IN,2020-03-25,143.90243902439025
IN,2020-03-26,185.3658536585366
IN,2020-03-27,209.7560975609756
IN,2020-03-28,97.5609756097561
IN,2020-03-29,63.41463414634146
IN,2020-03-30,243.90243902439025
IN,2020-03-31,175.60975609756096
IN,2020-04-01,192.6829268292683
IN,2020-04-02,182.9268292682927
IN,2020-04-03,185.3658536585366
IN,2020-04-04,65.85365853658537
IN,2020-04-05,121.95121951219512
IN,2020-04-06,58.536585365853654
IN,2020-04-07,90.24390243902438
IN,2020-04-08,139.02439024390245
IN,2020-04-09,124.39024390243902
IN,2020-04-10,60.97560975609756
IN,2020-04-11,43.90243902439024
IN,2020-04-12,21.95121951219512
IN,2020-04-13,102.4390243902439
IN,2020-04-14,82.92682926829268
IN,2020-04-15,95.1219512195122
IN,2020-04-16,73.17073170731707
IN,2020-04-17,90.24390243902438
IN,2020-04-18,63.41463414634146
KS,2020-02-01,0
KS,2020-02-02,0
KS,2020-02-03,0
KS,2020-02-04,0
KS,2020-02-05,0
KS,2020-02-06,0
KS,2020-02-07,0
KS,2020-02-08,0
KS,2020-02-09,0
KS,2020-02-10,0
KS,2020-02-11,0
KS,2020-02-12,0
KS,2020-02-13,0
KS,2020-02-14,0
KS,2020-02-15,0
KS,2020-02-16,0
KS,2020-02-17,0
KS,2020-02-18,0
KS,2020-02-19,0
KS,2020-02-20,0
KS,2020-02-21,20.731707317073173
KS,2020-02-22,0
KS,2020-02-23,0
KS,2020-02-24,0
KS,2020-02-25,0
KS,2020-02-26,0
KS,2020-02-27,20.731707317073173
KS,2020-02-28,0
KS,2020-02-29,0
KS,2020-03-01,0
KS,2020-03-02,0
KS,2020-03-03,0
KS,2020-03-04,20.731707317073173
KS,2020-03-05,0
KS,2020-03-06,0
KS,2020-03-07,0
KS,2020-03-08,24.878048780487806
KS,2020-03-09,0
KS,2020-03-10,0
KS,2020-03-11,0
KS,2020-03-12,0
KS,2020-03-13,0
KS,2020-03-14,0
KS,2020-03-15,0
KS,2020-03-16,20.731707317073173
KS,2020-03-17,41.463414634146346
KS,2020-03-18,64.26829268292683
KS,2020-03-19,87.07317073170732
KS,2020-03-20,62.19512195121951
KS,2020-03-21,45.609756097560975
KS,2020-03-22,0
KS,2020-03-23,95.3658536585366
KS,2020-03-24,20.731707317073173
KS,2020-03-25,20.731707317073173
KS,2020-03-26,107.8048780487805
KS,2020-03-27,78.78048780487805
KS,2020-03-28,0
KS,2020-03-29,22.804878048780488
KS,2020-03-30,116.09756097560975
KS,2020-03-31,97.4390243902439
KS,2020-04-01,176.21951219512195
KS,2020-04-02,136.82926829268294
KS,2020-04-03,95.3658536585366
KS,2020-04-04,0
KS,2020-04-05,43.53658536585366
KS,2020-04-06,151.34146341463415
KS,2020-04-07,58.048780487804876
KS,2020-04-08,97.4390243902439
KS,2020-04-09,58.048780487804876
KS,2020-04-10,80.85365853658537
KS,2020-04-11,22.804878048780488
KS,2020-04-12,87.07317073170732
KS,2020-04-13,130.609756097561
KS,2020-04-14,37.31707317073171
KS,2020-04-15,35.24390243902439
KS,2020-04-16,37.31707317073171
KS,2020-04-17,74.63414634146342
KS,2020-04-18,89.14634146341464
KY,2020-02-01,0
KY,2020-02-02,0
KY,2020-02-03,15.384615384615387
KY,2020-02-04,0
KY,2020-02-05,0
KY,2020-02-06,0
KY,2020-02-07,0
KY,2020-02-08,0
KY,2020-02-09,0
KY,2020-02-10,0
KY,2020-02-11,0
KY,2020-02-12,0
KY,2020-02-13,0
KY,2020-02-14,0
KY,2020-02-15,0
KY,2020-02-16,0
KY,2020-02-17,0
KY,2020-02-18,15.384615384615387
KY,2020-02-19,0
KY,2020-02-20,0
KY,2020-02-21,15.384615384615387
KY,2020-02-22,0
KY,2020-02-23,0
KY,2020-02-24,15.384615384615387
KY,2020-02-25,0
KY,2020-02-26,10.256410256410257
KY,2020-02-27,10.256410256410257
KY,2020-02-28,0
KY,2020-02-29,0
KY,2020-03-01,0
KY,2020-03-02,0
KY,2020-03-03,12.820512820512821
KY,2020-03-04,0
KY,2020-03-05,0
KY,2020-03-06,0
KY,2020-03-07,0
KY,2020-03-08,0
KY,2020-03-09,0
KY,2020-03-10,0
KY,2020-03-11,15.384615384615387
KY,2020-03-12,15.384615384615387
KY,2020-03-13,0
KY,2020-03-14,0
KY,2020-03-15,0
KY,2020-03-16,58.97435897435898
KY,2020-03-17,58.97435897435898
KY,2020-03-18,74.35897435897436
KY,2020-03-19,235.8974358974359
KY,2020-03-20,115.3846153846154
KY,2020-03-21,97.435897435897445
KY,2020-03-22,30.769230769230774
KY,2020-03-23,164.10256410256412
KY,2020-03-24,128.2051282051282
KY,2020-03-25,146.15384615384616
KY,2020-03-26,241.02564102564105
KY,2020-03-27,197.43589743589746
KY,2020-03-28,66.66666666666667
KY,2020-03-29,82.05128205128206
KY,2020-03-30,74.35897435897436
KY,2020-03-31,256.4102564102564
KY,2020-04-01,158.97435897435898
KY,2020-04-02,117.94871794871796
KY,2020-04-03,105.12820512820514
KY,2020-04-04,51.282051282051285
KY,2020-04-05,97.435897435897445
KY,2020-04-06,125.64102564102565
KY,2020-04-07,100.00000000000001
KY,2020-04-08,112.82051282051283
KY,2020-04-09,69.23076923076924
KY,2020-04-10,87.17948717948718
KY,2020-04-11,48.71794871794872
KY,2020-04-12,94.87179487179488
KY,2020-04-13,79.48717948717949
KY,2020-04-14,66.66666666666667
KY,2020-04-15,64.1025641025641
KY,2020-04-16,117.94871794871796
KY,2020-04-17,120.51282051282053
KY,2020-04-18,76.92307692307693
LA,2020-02-01,0
LA,2020-02-02,0
LA,2020-02-03,14.46153846153846
LA,2020-02-04,0
LA,2020-02-05,14.46153846153846
LA,2020-02-06,0
LA,2020-02-07,0
LA,2020-02-08,0
LA,2020-02-09,0
LA,2020-02-10,0
LA,2020-02-11,0
LA,2020-02-12,0
LA,2020-02-13,0
LA,2020-02-14,0
LA,2020-02-15,0
LA,2020-02-16,0
LA,2020-02-17,0
LA,2020-02-18,14.46153846153846
LA,2020-02-19,0
LA,2020-02-20,0
LA,2020-02-21,0
LA,2020-02-22,16.871794871794872
LA,2020-02-23,0
LA,2020-02-24,0
LA,2020-02-25,0
LA,2020-02-26,0
LA,2020-02-27,0
LA,2020-02-28,14.46153846153846
LA,2020-02-29,0
LA,2020-03-01,0
LA,2020-03-02,0
LA,2020-03-03,0
LA,2020-03-04,0
LA,2020-03-05,0
LA,2020-03-06,14.46153846153846
LA,2020-03-07,0
LA,2020-03-08,0
LA,2020-03-09,0
LA,2020-03-10,14.46153846153846
LA,2020-03-11,14.46153846153846
LA,2020-03-12,0
LA,2020-03-13,0
LA,2020-03-14,0
LA,2020-03-15,0
LA,2020-03-16,14.46153846153846
LA,2020-03-17,43.38461538461538
LA,2020-03-18,130.15384615384616
LA,2020-03-19,171.1282051282051
LA,2020-03-20,127.74358974358974
LA,2020-03-21,16.871794871794872
LA,2020-03-22,96.41025641025641
LA,2020-03-23,81.94871794871794
LA,2020-03-24,57.84615384615384
LA,2020-03-25,101.23076923076923
LA,2020-03-26,175.94871794871793
LA,2020-03-27,226.56410256410254
LA,2020-03-28,130.15384615384616
LA,2020-03-29,113.28205128205127
LA,2020-03-30,125.33333333333333
LA,2020-03-31,180.76923076923077
LA,2020-04-01,84.35897435897435
LA,2020-04-02,185.5897435897436
LA,2020-04-03,115.69230769230768
LA,2020-04-04,31.333333333333332
LA,2020-04-05,16.871794871794872
LA,2020-04-06,154.25641025641025
LA,2020-04-07,125.33333333333333
LA,2020-04-08,98.82051282051282
LA,2020-04-09,142.2051282051282
LA,2020-04-10,77.12820512820512
LA,2020-04-11,98.82051282051282
LA,2020-04-12,110.87179487179486
LA,2020-04-13,171.1282051282051
LA,2020-04-14,168.7179487179487
LA,2020-04-15,120.51282051282051
LA,2020-04-16,108.46153846153845
LA,2020-04-17,96.41025641025641
LA,2020-04-18,45.794871794871796
MA,2020-02-01,0
MA,2020-02-02,0
MA,2020-02-03,2.6666666666666665
MA,2020-02-04,0
MA,2020-02-05,0
MA,2020-02-06,0
MA,2020-02-07,0
MA,2020-02-08,0
MA,2020-02-09,0
MA,2020-02-10,0
MA,2020-02-11,2.6666666666666665
MA,2020-02-12,0
MA,2020-02-13,0
MA,2020-02-14,2.6666666666666665
MA,2020-02-15,0
MA,2020-02-16,0
MA,2020-02-17,0
MA,2020-02-18,0
MA,2020-02-19,2.6666666666666665
MA,2020-02-20,0
MA,2020-02-21,0
MA,2020-02-22,0
MA,2020-02-23,0
MA,2020-02-24,2.6666666666666665
MA,2020-02-25,0
MA,2020-02-26,0
MA,2020-02-27,5.333333333333333
MA,2020-02-28,2.6666666666666665
MA,2020-02-29,0
MA,2020-03-01,0
MA,2020-03-02,0
MA,2020-03-03,2.6666666666666665
MA,2020-03-04,0
MA,2020-03-05,0
MA,2020-03-06,0
MA,2020-03-07,0
MA,2020-03-08,4
MA,2020-03-09,2.6666666666666665
MA,2020-03-10,0
MA,2020-03-11,0
MA,2020-03-12,2.6666666666666665
MA,2020-03-13,4
MA,2020-03-14,6.666666666666666
MA,2020-03-15,4
MA,2020-03-16,24
MA,2020-03-17,53.33333333333333
MA,2020-03-18,41.33333333333333
MA,2020-03-19,25.333333333333332
MA,2020-03-20,26.666666666666664
MA,2020-03-21,13.333333333333332
MA,2020-03-22,22.666666666666664
MA,2020-03-23,21.333333333333332
MA,2020-03-24,24
MA,2020-03-25,33.33333333333333
MA,2020-03-26,29.333333333333332
MA,2020-03-27,33.33333333333333
MA,2020-03-28,29.333333333333332
MA,2020-03-29,21.333333333333332
MA,2020-03-30,44
MA,2020-03-31,21.333333333333332
MA,2020-04-01,34.666666666666664
MA,2020-04-02,25.333333333333332
MA,2020-04-03,33.33333333333333
MA,2020-04-04,13.333333333333332
MA,2020-04-05,18.666666666666664
MA,2020-04-06,20
MA,2020-04-07,12
MA,2020-04-08,10.666666666666666
MA,2020-04-09,28
MA,2020-04-10,16
MA,2020-04-11,14.666666666666666
MA,2020-04-12,9.333333333333332
MA,2020-04-13,12
MA,2020-04-14,5.333333333333333
MA,2020-04-15,29.333333333333332
MA,2020-04-16,16
MA,2020-04-17,16
MA,2020-04-18,2.6666666666666665
MD,2020-02-01,0
MD,2020-02-02,0
MD,2020-02-03,4.076923076923077
MD,2020-02-04,5.435897435897436
MD,2020-02-05,5.435897435897436
MD,2020-02-06,0
MD,2020-02-07,0
MD,2020-02-08,0
MD,2020-02-09,0
MD,2020-02-10,4.076923076923077
MD,2020-02-11,0
MD,2020-02-12,0
MD,2020-02-13,4.076923076923077
MD,2020-02-14,0
MD,2020-02-15,5.435897435897436
MD,2020-02-16,0
MD,2020-02-17,0
MD,2020-02-18,0
MD,2020-02-19,4.076923076923077
MD,2020-02-20,4.076923076923077
MD,2020-02-21,0
MD,2020-02-22,5.435897435897436
MD,2020-02-23,0
MD,2020-02-24,4.076923076923077
MD,2020-02-25,0
MD,2020-02-26,0
MD,2020-02-27,8.153846153846153
MD,2020-02-28,4.076923076923077
MD,2020-02-29,0
MD,2020-03-01,0
MD,2020-03-02,0
MD,2020-03-03,0
MD,2020-03-04,0
MD,2020-03-05,4.076923076923077
MD,2020-03-06,0
MD,2020-03-07,0
MD,2020-03-08,0
MD,2020-03-09,0
MD,2020-03-10,0
MD,2020-03-11,0
MD,2020-03-12,8.153846153846153
MD,2020-03-13,4.076923076923077
MD,2020-03-14,0
MD,2020-03-15,0
MD,2020-03-16,9.512820512820513
MD,2020-03-17,46.205128205128204
MD,2020-03-18,55.71794871794872
MD,2020-03-19,23.102564102564102
MD,2020-03-20,54.358974358974365
MD,2020-03-21,25.82051282051282
MD,2020-03-22,20.384615384615387
MD,2020-03-23,57.07692307692308
MD,2020-03-24,48.92307692307693
MD,2020-03-25,72.02564102564102
MD,2020-03-26,72.02564102564102
MD,2020-03-27,69.3076923076923
MD,2020-03-28,53
MD,2020-03-29,29.897435897435898
MD,2020-03-30,58.43589743589744
MD,2020-03-31,72.02564102564102
MD,2020-04-01,58.43589743589744
MD,2020-04-02,54.358974358974365
MD,2020-04-03,29.897435897435898
MD,2020-04-04,14.948717948717949
MD,2020-04-05,20.384615384615387
MD,2020-04-06,46.205128205128204
MD,2020-04-07,33.97435897435898
MD,2020-04-08,46.205128205128204
MD,2020-04-09,38.05128205128205
MD,2020-04-10,61.15384615384615
MD,2020-04-11,19.025641025641026
MD,2020-04-12,29.897435897435898
MD,2020-04-13,29.897435897435898
MD,2020-04-14,16.307692307692307
MD,2020-04-15,28.53846153846154
MD,2020-04-16,16.307692307692307
MD,2020-04-17,32.61538461538461
MD,2020-04-18,13.589743589743591
ME,2020-02-01,0
ME,2020-02-02,0
ME,2020-02-03,0
ME,2020-02-04,0
ME,2020-02-05,0
ME,2020-02-06,0
ME,2020-02-07,0
ME,2020-02-08,0
ME,2020-02-09,0
ME,2020-02-10,0
ME,2020-02-11,0
ME,2020-02-12,0
ME,2020-02-13,41.53846153846154
ME,2020-02-14,0
ME,2020-02-15,0
ME,2020-02-16,0
ME,2020-02-17,0
ME,2020-02-18,0
ME,2020-02-19,0
ME,2020-02-20,0
ME,2020-02-21,0
ME,2020-02-22,0
ME,2020-02-23,0
ME,2020-02-24,0
ME,2020-02-25,39.46153846153847
ME,2020-02-26,0
ME,2020-02-27,0
ME,2020-02-28,0
ME,2020-02-29,0
ME,2020-03-01,0
ME,2020-03-02,0
ME,2020-03-03,0
ME,2020-03-04,0
ME,2020-03-05,0
ME,2020-03-06,0
ME,2020-03-07,0
ME,2020-03-08,0
ME,2020-03-09,0
ME,2020-03-10,0
ME,2020-03-11,0
ME,2020-03-12,0
ME,2020-03-13,0
ME,2020-03-14,0
ME,2020-03-15,0
ME,2020-03-16,39.46153846153847
ME,2020-03-17,74.76923076923077
ME,2020-03-18,151.61538461538464
ME,2020-03-19,74.76923076923077
ME,2020-03-20,72.6923076923077
ME,2020-03-21,168.23076923076925
ME,2020-03-22,41.53846153846154
ME,2020-03-23,66.46153846153847
ME,2020-03-24,108.00000000000001
ME,2020-03-25,35.307692307692314
ME,2020-03-26,37.38461538461539
ME,2020-03-27,168.23076923076925
ME,2020-03-28,122.53846153846155
ME,2020-03-29,74.76923076923077
ME,2020-03-30,64.38461538461539
ME,2020-03-31,33.23076923076923
ME,2020-04-01,33.23076923076923
ME,2020-04-02,99.69230769230771
ME,2020-04-03,101.76923076923077
ME,2020-04-04,0
ME,2020-04-05,0
ME,2020-04-06,35.307692307692314
ME,2020-04-07,33.23076923076923
ME,2020-04-08,35.307692307692314
ME,2020-04-09,66.46153846153847
ME,2020-04-10,74.76923076923077
ME,2020-04-11,0
ME,2020-04-12,120.46153846153847
ME,2020-04-13,33.23076923076923
ME,2020-04-14,68.53846153846155
ME,2020-04-15,64.38461538461539
ME,2020-04-16,33.23076923076923
ME,2020-04-17,35.307692307692314
ME,2020-04-18,37.38461538461539
MI,2020-02-01,6.666666666666667
MI,2020-02-02,0
MI,2020-02-03,10
MI,2020-02-04,13.333333333333334
MI,2020-02-05,0
MI,2020-02-06,6.666666666666667
MI,2020-02-07,6.666666666666667
MI,2020-02-08,0
MI,2020-02-09,0
MI,2020-02-10,6.666666666666667
MI,2020-02-11,6.666666666666667
MI,2020-02-12,0
MI,2020-02-13,0
MI,2020-02-14,0
MI,2020-02-15,6.666666666666667
MI,2020-02-16,0
MI,2020-02-17,6.666666666666667
MI,2020-02-18,13.333333333333334
MI,2020-02-19,13.333333333333334
MI,2020-02-20,0
MI,2020-02-21,0
MI,2020-02-22,6.666666666666667
MI,2020-02-23,0
MI,2020-02-24,6.666666666666667
MI,2020-02-25,0
MI,2020-02-26,13.333333333333334
MI,2020-02-27,0
MI,2020-02-28,6.666666666666667
MI,2020-02-29,6.666666666666667
MI,2020-03-01,0
MI,2020-03-02,6.666666666666667
MI,2020-03-03,6.666666666666667
MI,2020-03-04,6.666666666666667
MI,2020-03-05,0
MI,2020-03-06,0
MI,2020-03-07,6.666666666666667
MI,2020-03-08,0
MI,2020-03-09,0
MI,2020-03-10,10
MI,2020-03-11,13.333333333333334
MI,2020-03-12,13.333333333333334
MI,2020-03-13,10
MI,2020-03-14,6.666666666666667
MI,2020-03-15,13.333333333333334
MI,2020-03-16,73.33333333333334
MI,2020-03-17,90
MI,2020-03-18,123.33333333333334
MI,2020-03-19,123.33333333333334
MI,2020-03-20,130
MI,2020-03-21,60
MI,2020-03-22,80
MI,2020-03-23,230
MI,2020-03-24,270
MI,2020-03-25,206.66666666666669
MI,2020-03-26,190
MI,2020-03-27,236.66666666666669
MI,2020-03-28,196.66666666666669
MI,2020-03-29,150
MI,2020-03-30,333.33333333333337
MI,2020-03-31,196.66666666666669
MI,2020-04-01,193.33333333333334
MI,2020-04-02,213.33333333333334
MI,2020-04-03,156.66666666666669
MI,2020-04-04,170
MI,2020-04-05,66.66666666666667
MI,2020-04-06,153.33333333333334
MI,2020-04-07,143.33333333333334
MI,2020-04-08,126.66666666666667
MI,2020-04-09,113.33333333333334
MI,2020-04-10,123.33333333333334
MI,2020-04-11,76.66666666666667
MI,2020-04-12,46.66666666666667
MI,2020-04-13,140
MI,2020-04-14,93.33333333333334
MI,2020-04-15,100
MI,2020-04-16,106.66666666666667
MI,2020-04-17,60
MI,2020-04-18,60
MN,2020-02-01,0
MN,2020-02-02,0
MN,2020-02-03,0
MN,2020-02-04,0
MN,2020-02-05,0
MN,2020-02-06,0
MN,2020-02-07,0
MN,2020-02-08,4.4
MN,2020-02-09,0
MN,2020-02-10,0
MN,2020-02-11,0
MN,2020-02-12,0
MN,2020-02-13,0
MN,2020-02-14,0
MN,2020-02-15,0
MN,2020-02-16,0
MN,2020-02-17,0
MN,2020-02-18,0
MN,2020-02-19,0
MN,2020-02-20,0
MN,2020-02-21,0
MN,2020-02-22,0
MN,2020-02-23,0
MN,2020-02-24,0
MN,2020-02-25,0
MN,2020-02-26,0
MN,2020-02-27,3.3000000000000003
MN,2020-02-28,0
MN,2020-02-29,0
MN,2020-03-01,0
MN,2020-03-02,0
MN,2020-03-03,3.3000000000000003
MN,2020-03-04,0
MN,2020-03-05,0
MN,2020-03-06,0
MN,2020-03-07,0
MN,2020-03-08,0
MN,2020-03-09,0
MN,2020-03-10,0
MN,2020-03-11,0
MN,2020-03-12,0
MN,2020-03-13,3.3000000000000003
MN,2020-03-14,0
MN,2020-03-15,3.3000000000000003
MN,2020-03-16,11
MN,2020-03-17,19.8
MN,2020-03-18,16.5
MN,2020-03-19,13.200000000000001
MN,2020-03-20,9.9
MN,2020-03-21,7.700000000000001
MN,2020-03-22,11
MN,2020-03-23,14.3
MN,2020-03-24,14.3
MN,2020-03-25,11
MN,2020-03-26,18.700000000000003
MN,2020-03-27,36.300000000000004
MN,2020-03-28,22
MN,2020-03-29,6.6000000000000005
MN,2020-03-30,17.6
MN,2020-03-31,15.400000000000002
MN,2020-04-01,16.5
MN,2020-04-02,15.400000000000002
MN,2020-04-03,11
MN,2020-04-04,5.5
MN,2020-04-05,5.5
MN,2020-04-06,12.100000000000001
MN,2020-04-07,7.700000000000001
MN,2020-04-08,5.5
MN,2020-04-09,20.900000000000002
MN,2020-04-10,13.200000000000001
MN,2020-04-11,8.8
MN,2020-04-12,8.8
MN,2020-04-13,5.5
MN,2020-04-14,14.3
MN,2020-04-15,6.6000000000000005
MN,2020-04-16,8.8
MN,2020-04-17,15.400000000000002
MN,2020-04-18,5.5
MO,2020-02-01,0
MO,2020-02-02,0
MO,2020-02-03,0
MO,2020-02-04,7.542857142857143
MO,2020-02-05,0
MO,2020-02-06,7.542857142857143
MO,2020-02-07,0
MO,2020-02-08,0
MO,2020-02-09,0
MO,2020-02-10,7.542857142857143
MO,2020-02-11,7.542857142857143
MO,2020-02-12,7.542857142857143
MO,2020-02-13,0
MO,2020-02-14,7.542857142857143
MO,2020-02-15,0
MO,2020-02-16,0
MO,2020-02-17,0
MO,2020-02-18,7.542857142857143
MO,2020-02-19,0
MO,2020-02-20,7.542857142857143
MO,2020-02-21,0
MO,2020-02-22,0
MO,2020-02-23,7.542857142857143
MO,2020-02-24,13.2
MO,2020-02-25,0
MO,2020-02-26,5.657142857142857
MO,2020-02-27,7.542857142857143
MO,2020-02-28,0
MO,2020-02-29,7.542857142857143
MO,2020-03-01,7.542857142857143
MO,2020-03-02,13.2
MO,2020-03-03,0
MO,2020-03-04,0
MO,2020-03-05,0
MO,2020-03-06,0
MO,2020-03-07,7.542857142857143
MO,2020-03-08,7.542857142857143
MO,2020-03-09,13.2
MO,2020-03-10,0
MO,2020-03-11,0
MO,2020-03-12,0
MO,2020-03-13,20.742857142857144
MO,2020-03-14,0
MO,2020-03-15,7.542857142857143
MO,2020-03-16,33.94285714285714
MO,2020-03-17,33.94285714285714
MO,2020-03-18,58.457142857142856
MO,2020-03-19,20.742857142857144
MO,2020-03-20,43.371428571428574
MO,2020-03-21,56.57142857142857
MO,2020-03-22,26.4
MO,2020-03-23,88.62857142857143
MO,2020-03-24,67.88571428571429
MO,2020-03-25,66
MO,2020-03-26,64.11428571428571
MO,2020-03-27,103.71428571428571
MO,2020-03-28,56.57142857142857
MO,2020-03-29,30.17142857142857
MO,2020-03-30,101.82857142857142
MO,2020-03-31,96.17142857142856
MO,2020-04-01,124.45714285714286
MO,2020-04-02,77.31428571428572
MO,2020-04-03,66
MO,2020-04-04,60.34285714285714
MO,2020-04-05,58.457142857142856
MO,2020-04-06,75.42857142857143
MO,2020-04-07,67.88571428571429
MO,2020-04-08,49.028571428571425
MO,2020-04-09,86.74285714285715
MO,2020-04-10,60.34285714285714
MO,2020-04-11,39.6
MO,2020-04-12,52.8
MO,2020-04-13,47.14285714285714
MO,2020-04-14,58.457142857142856
MO,2020-04-15,62.22857142857143
MO,2020-04-16,73.54285714285714
MO,2020-04-17,64.11428571428571
MO,2020-04-18,43.371428571428574
MS,2020-02-01,0
MS,2020-02-02,0
MS,2020-02-03,0
MS,2020-02-04,15.466666666666667
MS,2020-02-05,0
MS,2020-02-06,15.466666666666667
MS,2020-02-07,0
MS,2020-02-08,0
MS,2020-02-09,0
MS,2020-02-10,0
MS,2020-02-11,0
MS,2020-02-12,0
MS,2020-02-13,0
MS,2020-02-14,0
MS,2020-02-15,0
MS,2020-02-16,0
MS,2020-02-17,0
MS,2020-02-18,0
MS,2020-02-19,0
MS,2020-02-20,0
MS,2020-02-21,0
MS,2020-02-22,0
MS,2020-02-23,0
MS,2020-02-24,0
MS,2020-02-25,0
MS,2020-02-26,0
MS,2020-02-27,0
MS,2020-02-28,0
MS,2020-02-29,0
MS,2020-03-01,0
MS,2020-03-02,0
MS,2020-03-03,0
MS,2020-03-04,0
MS,2020-03-05,0
MS,2020-03-06,0
MS,2020-03-07,0
MS,2020-03-08,0
MS,2020-03-09,0
MS,2020-03-10,0
MS,2020-03-11,0
MS,2020-03-12,0
MS,2020-03-13,0
MS,2020-03-14,19.333333333333332
MS,2020-03-15,0
MS,2020-03-16,34.8
MS,2020-03-17,0
MS,2020-03-18,34.8
MS,2020-03-19,32.86666666666667
MS,2020-03-20,63.8
MS,2020-03-21,63.8
MS,2020-03-22,54.13333333333333
MS,2020-03-23,59.93333333333334
MS,2020-03-24,71.53333333333333
MS,2020-03-25,48.333333333333336
MS,2020-03-26,58
MS,2020-03-27,110.2
MS,2020-03-28,63.8
MS,2020-03-29,34.8
MS,2020-03-30,77.33333333333333
MS,2020-03-31,59.93333333333334
MS,2020-04-01,108.26666666666667
MS,2020-04-02,112.13333333333334
MS,2020-04-03,96.66666666666667
MS,2020-04-04,44.46666666666667
MS,2020-04-05,34.8
MS,2020-04-06,69.6
MS,2020-04-07,54.13333333333333
MS,2020-04-08,69.6
MS,2020-04-09,79.26666666666667
MS,2020-04-10,108.26666666666667
MS,2020-04-11,19.333333333333332
MS,2020-04-12,25.133333333333333
MS,2020-04-13,77.33333333333333
MS,2020-04-14,38.666666666666664
MS,2020-04-15,52.2
MS,2020-04-16,15.466666666666667
MS,2020-04-17,46.4
MS,2020-04-18,59.93333333333334
MT,2020-02-01,0
MT,2020-02-02,0
MT,2020-02-03,68.57142857142857
MT,2020-02-04,0
MT,2020-02-05,0
MT,2020-02-06,0
MT,2020-02-07,0
MT,2020-02-08,0
MT,2020-02-09,0
MT,2020-02-10,0
MT,2020-02-11,0
MT,2020-02-12,0
MT,2020-02-13,0
MT,2020-02-14,0
MT,2020-02-15,0
MT,2020-02-16,0
MT,2020-02-17,0
MT,2020-02-18,71.42857142857143
MT,2020-02-19,0
MT,2020-02-20,0
MT,2020-02-21,0
MT,2020-02-22,0
MT,2020-02-23,0
MT,2020-02-24,0
MT,2020-02-25,0
MT,2020-02-26,0
MT,2020-02-27,71.42857142857143
MT,2020-02-28,0
MT,2020-02-29,0
MT,2020-03-01,82.85714285714286
MT,2020-03-02,0
MT,2020-03-03,68.57142857142857
MT,2020-03-04,0
MT,2020-03-05,0
MT,2020-03-06,0
MT,2020-03-07,0
MT,2020-03-08,0
MT,2020-03-09,0
MT,2020-03-10,0
MT,2020-03-11,0
MT,2020-03-12,0
MT,2020-03-13,0
MT,2020-03-14,0
MT,2020-03-15,0
MT,2020-03-16,71.42857142857143
MT,2020-03-17,68.57142857142857
MT,2020-03-18,285.7142857142857
MT,2020-03-19,68.57142857142857
MT,2020-03-20,68.57142857142857
MT,2020-03-21,77.14285714285714
MT,2020-03-22,77.14285714285714
MT,2020-03-23,185.71428571428572
MT,2020-03-24,122.85714285714286
MT,2020-03-25,128.57142857142858
MT,2020-03-26,125.71428571428572
MT,2020-03-27,240
MT,2020-03-28,108.57142857142857
MT,2020-03-29,74.28571428571429
MT,2020-03-30,122.85714285714286
MT,2020-03-31,234.28571428571428
MT,2020-04-01,114.28571428571429
MT,2020-04-02,60
MT,2020-04-03,62.85714285714286
MT,2020-04-04,71.42857142857143
MT,2020-04-05,74.28571428571429
MT,2020-04-06,60
MT,2020-04-07,60
MT,2020-04-08,0
MT,2020-04-09,0
MT,2020-04-10,68.57142857142857
MT,2020-04-11,0
MT,2020-04-12,140
MT,2020-04-13,62.85714285714286
MT,2020-04-14,60
MT,2020-04-15,225.71428571428572
MT,2020-04-16,60
MT,2020-04-17,62.85714285714286
MT,2020-04-18,211.42857142857144
NC,2020-02-01,0
NC,2020-02-02,0
NC,2020-02-03,0
NC,2020-02-04,0
NC,2020-02-05,0
NC,2020-02-06,3.2
NC,2020-02-07,3.2
NC,2020-02-08,0
NC,2020-02-09,0
NC,2020-02-10,3.2
NC,2020-02-11,3.2
NC,2020-02-12,6.4
NC,2020-02-13,3.2
NC,2020-02-14,0
NC,2020-02-15,0
NC,2020-02-16,0
NC,2020-02-17,3.2
NC,2020-02-18,3.2
NC,2020-02-19,0
NC,2020-02-20,0
NC,2020-02-21,3.2
NC,2020-02-22,0
NC,2020-02-23,3.2
NC,2020-02-24,0
NC,2020-02-25,3.2
NC,2020-02-26,0
NC,2020-02-27,3.2
NC,2020-02-28,3.2
NC,2020-02-29,0
NC,2020-03-01,0
NC,2020-03-02,3.2
NC,2020-03-03,0
NC,2020-03-04,0
NC,2020-03-05,0
NC,2020-03-06,4.800000000000001
NC,2020-03-07,0
NC,2020-03-08,0
NC,2020-03-09,0
NC,2020-03-10,6.4
NC,2020-03-11,0
NC,2020-03-12,3.2
NC,2020-03-13,11.200000000000001
NC,2020-03-14,0
NC,2020-03-15,4.800000000000001
NC,2020-03-16,4.800000000000001
NC,2020-03-17,36.800000000000004
NC,2020-03-18,72
NC,2020-03-19,57.6
NC,2020-03-20,54.400000000000006
NC,2020-03-21,30.400000000000002
NC,2020-03-22,40
NC,2020-03-23,52.800000000000004
NC,2020-03-24,48
NC,2020-03-25,51.2
NC,2020-03-26,102.4
NC,2020-03-27,76.80000000000001
NC,2020-03-28,57.6
NC,2020-03-29,49.6
NC,2020-03-30,96
NC,2020-03-31,99.2
NC,2020-04-01,84.80000000000001
NC,2020-04-02,92.80000000000001
NC,2020-04-03,72
NC,2020-04-04,57.6
NC,2020-04-05,38.400000000000006
NC,2020-04-06,64
NC,2020-04-07,60.800000000000004
NC,2020-04-08,36.800000000000004
NC,2020-04-09,54.400000000000006
NC,2020-04-10,49.6
NC,2020-04-11,36.800000000000004
NC,2020-04-12,28.8
NC,2020-04-13,35.2
NC,2020-04-14,40
NC,2020-04-15,43.2
NC,2020-04-16,40
NC,2020-04-17,35.2
NC,2020-04-18,20.8
ND,2020-02-01,0
ND,2020-02-02,0
ND,2020-02-03,0
ND,2020-02-04,0
ND,2020-02-05,0
ND,2020-02-06,0
ND,2020-02-07,0
ND,2020-02-08,0
ND,2020-02-09,0
ND,2020-02-10,0
ND,2020-02-11,0
ND,2020-02-12,0
ND,2020-02-13,0
ND,2020-02-14,0
ND,2020-02-15,0
ND,2020-02-16,0
ND,2020-02-17,0
ND,2020-02-18,0
ND,2020-02-19,0
ND,2020-02-20,0
ND,2020-02-21,0
ND,2020-02-22,0
ND,2020-02-23,0
ND,2020-02-24,0
ND,2020-02-25,0
ND,2020-02-26,0
ND,2020-02-27,0
ND,2020-02-28,0
ND,2020-02-29,0
ND,2020-03-01,0
ND,2020-03-02,0
ND,2020-03-03,0
ND,2020-03-04,0
ND,2020-03-05,0
ND,2020-03-06,0
ND,2020-03-07,0
ND,2020-03-08,0
ND,2020-03-09,0
ND,2020-03-10,0
ND,2020-03-11,0
ND,2020-03-12,0
ND,2020-03-13,0
ND,2020-03-14,0
ND,2020-03-15,0
ND,2020-03-16,92.5
ND,2020-03-17,0
ND,2020-03-18,0
ND,2020-03-19,0
ND,2020-03-20,132.5
ND,2020-03-21,150
ND,2020-03-22,0
ND,2020-03-23,250
ND,2020-03-24,172.5
ND,2020-03-25,125
ND,2020-03-26,87.5
ND,2020-03-27,250
ND,2020-03-28,100
ND,2020-03-29,102.5
ND,2020-03-30,165
ND,2020-03-31,82.5
ND,2020-04-01,152.5
ND,2020-04-02,235
ND,2020-04-03,80
ND,2020-04-04,187.5
ND,2020-04-05,0
ND,2020-04-06,157.5
ND,2020-04-07,82.5
ND,2020-04-08,0
ND,2020-04-09,80
ND,2020-04-10,90
ND,2020-04-11,0
ND,2020-04-12,97.5
ND,2020-04-13,82.5
ND,2020-04-14,77.5
ND,2020-04-15,115
ND,2020-04-16,0
ND,2020-04-17,82.5
ND,2020-04-18,0
NE,2020-02-01,0
NE,2020-02-02,0
NE,2020-02-03,0
NE,2020-02-04,0
NE,2020-02-05,0
NE,2020-02-06,0
NE,2020-02-07,0
NE,2020-02-08,0
NE,2020-02-09,0
NE,2020-02-10,0
NE,2020-02-11,0
NE,2020-02-12,0
NE,2020-02-13,0
NE,2020-02-14,0
NE,2020-02-15,0
NE,2020-02-16,0
NE,2020-02-17,0
NE,2020-02-18,0
NE,2020-02-19,0
NE,2020-02-20,17.285714285714285
NE,2020-02-21,0
NE,2020-02-22,20.428571428571427
NE,2020-02-23,0
NE,2020-02-24,0
NE,2020-02-25,0
NE,2020-02-26,0
NE,2020-02-27,0
NE,2020-02-28,0
NE,2020-02-29,0
NE,2020-03-01,0
NE,2020-03-02,17.285714285714285
NE,2020-03-03,0
NE,2020-03-04,0
NE,2020-03-05,0
NE,2020-03-06,0
NE,2020-03-07,0
NE,2020-03-08,0
NE,2020-03-09,0
NE,2020-03-10,0
NE,2020-03-11,0
NE,2020-03-12,0
NE,2020-03-13,17.285714285714285
NE,2020-03-14,0
NE,2020-03-15,18.857142857142858
NE,2020-03-16,34.57142857142857
NE,2020-03-17,69.14285714285714
NE,2020-03-18,86.42857142857143
NE,2020-03-19,50.285714285714285
NE,2020-03-20,40.857142857142854
NE,2020-03-21,28.285714285714285
NE,2020-03-22,58.14285714285714
NE,2020-03-23,47.14285714285714
NE,2020-03-24,59.714285714285715
NE,2020-03-25,67.57142857142857
NE,2020-03-26,59.714285714285715
NE,2020-03-27,56.57142857142857
NE,2020-03-28,26.714285714285715
NE,2020-03-29,37.714285714285715
NE,2020-03-30,40.857142857142854
NE,2020-03-31,50.285714285714285
NE,2020-04-01,66
NE,2020-04-02,39.285714285714285
NE,2020-04-03,39.285714285714285
NE,2020-04-04,26.714285714285715
NE,2020-04-05,18.857142857142858
NE,2020-04-06,15.714285714285714
NE,2020-04-07,67.57142857142857
NE,2020-04-08,33
NE,2020-04-09,25.142857142857142
NE,2020-04-10,17.285714285714285
NE,2020-04-11,39.285714285714285
NE,2020-04-12,0
NE,2020-04-13,33
NE,2020-04-14,31.428571428571427
NE,2020-04-15,53.42857142857143
NE,2020-04-16,37.714285714285715
NE,2020-04-17,39.285714285714285
NE,2020-04-18,28.285714285714285
NH,2020-02-01,0
NH,2020-02-02,0
NH,2020-02-03,0
NH,2020-02-04,0
NH,2020-02-05,0
NH,2020-02-06,0
NH,2020-02-07,0
NH,2020-02-08,0
NH,2020-02-09,52.83018867924528
NH,2020-02-10,0
NH,2020-02-11,0
NH,2020-02-12,0
NH,2020-02-13,0
NH,2020-02-14,0
NH,2020-02-15,0
NH,2020-02-16,0
NH,2020-02-17,0
NH,2020-02-18,0
NH,2020-02-19,0
NH,2020-02-20,0
NH,2020-02-21,0
NH,2020-02-22,0
NH,2020-02-23,0
NH,2020-02-24,0
NH,2020-02-25,0
NH,2020-02-26,0
NH,2020-02-27,0
NH,2020-02-28,0
NH,2020-02-29,0
NH,2020-03-01,0
NH,2020-03-02,0
NH,2020-03-03,0
NH,2020-03-04,0
NH,2020-03-05,0
NH,2020-03-06,0
NH,2020-03-07,0
NH,2020-03-08,0
NH,2020-03-09,0
NH,2020-03-10,0
NH,2020-03-11,0
NH,2020-03-12,0
NH,2020-03-13,0
NH,2020-03-14,0
NH,2020-03-15,50.943396226415096
NH,2020-03-16,0
NH,2020-03-17,171.69811320754718
NH,2020-03-18,88.67924528301887
NH,2020-03-19,124.52830188679245
NH,2020-03-20,0
NH,2020-03-21,94.33962264150944
NH,2020-03-22,47.16981132075472
NH,2020-03-23,73.58490566037736
NH,2020-03-24,0
NH,2020-03-25,83.01886792452831
NH,2020-03-26,81.13207547169812
NH,2020-03-27,156.60377358490567
NH,2020-03-28,139.62264150943398
NH,2020-03-29,43.39622641509434
NH,2020-03-30,152.83018867924528
NH,2020-03-31,77.35849056603773
NH,2020-04-01,77.35849056603773
NH,2020-04-02,77.35849056603773
NH,2020-04-03,77.35849056603773
NH,2020-04-04,47.16981132075472
NH,2020-04-05,137.73584905660377
NH,2020-04-06,0
NH,2020-04-07,41.509433962264154
NH,2020-04-08,0
NH,2020-04-09,0
NH,2020-04-10,0
NH,2020-04-11,88.67924528301887
NH,2020-04-12,0
NH,2020-04-13,75.47169811320755
NH,2020-04-14,0
NH,2020-04-15,37.735849056603776
NH,2020-04-16,75.47169811320755
NH,2020-04-17,188.67924528301887
NH,2020-04-18,84.90566037735849
NJ,2020-02-01,0
NJ,2020-02-02,0
NJ,2020-02-03,4.471698113207546
NJ,2020-02-04,0
NJ,2020-02-05,4.471698113207546
NJ,2020-02-06,0
NJ,2020-02-07,0
NJ,2020-02-08,0
NJ,2020-02-09,0
NJ,2020-02-10,0
NJ,2020-02-11,4.471698113207546
NJ,2020-02-12,0
NJ,2020-02-13,4.471698113207546
NJ,2020-02-14,0
NJ,2020-02-15,0
NJ,2020-02-16,0
NJ,2020-02-17,0
NJ,2020-02-18,4.471698113207546
NJ,2020-02-19,0
NJ,2020-02-20,0
NJ,2020-02-21,0
NJ,2020-02-22,0
NJ,2020-02-23,5.962264150943396
NJ,2020-02-24,0
NJ,2020-02-25,8.943396226415093
NJ,2020-02-26,0
NJ,2020-02-27,0
NJ,2020-02-28,0
NJ,2020-02-29,0
NJ,2020-03-01,10.433962264150942
NJ,2020-03-02,4.471698113207546
NJ,2020-03-03,4.471698113207546
NJ,2020-03-04,4.471698113207546
NJ,2020-03-05,4.471698113207546
NJ,2020-03-06,0
NJ,2020-03-07,5.962264150943396
NJ,2020-03-08,0
NJ,2020-03-09,14.90566037735849
NJ,2020-03-10,0
NJ,2020-03-11,0
NJ,2020-03-12,8.943396226415093
NJ,2020-03-13,4.471698113207546
NJ,2020-03-14,0
NJ,2020-03-15,5.962264150943396
NJ,2020-03-16,20.867924528301884
NJ,2020-03-17,47.698113207547166
NJ,2020-03-18,40.24528301886792
NJ,2020-03-19,56.64150943396226
NJ,2020-03-20,67.0754716981132
NJ,2020-03-21,59.62264150943396
NJ,2020-03-22,40.24528301886792
NJ,2020-03-23,93.90566037735849
NJ,2020-03-24,46.20754716981132
NJ,2020-03-25,77.50943396226414
NJ,2020-03-26,47.698113207547166
NJ,2020-03-27,83.47169811320754
NJ,2020-03-28,52.16981132075471
NJ,2020-03-29,47.698113207547166
NJ,2020-03-30,67.0754716981132
NJ,2020-03-31,101.35849056603773
NJ,2020-04-01,61.11320754716981
NJ,2020-04-02,117.75471698113206
NJ,2020-04-03,74.52830188679245
NJ,2020-04-04,34.283018867924525
NJ,2020-04-05,44.71698113207547
NJ,2020-04-06,53.660377358490564
NJ,2020-04-07,34.283018867924525
NJ,2020-04-08,25.339622641509433
NJ,2020-04-09,38.75471698113207
NJ,2020-04-10,35.77358490566037
NJ,2020-04-11,34.283018867924525
NJ,2020-04-12,44.71698113207547
NJ,2020-04-13,59.62264150943396
NJ,2020-04-14,55.15094339622641
NJ,2020-04-15,71.54716981132074
NJ,2020-04-16,41.73584905660377
NJ,2020-04-17,32.79245283018868
NJ,2020-04-18,17.886792452830186
NM,2020-02-01,0
NM,2020-02-02,0
NM,2020-02-03,0
NM,2020-02-04,0
NM,2020-02-05,0
NM,2020-02-06,0
NM,2020-02-07,0
NM,2020-02-08,0
NM,2020-02-09,38.0377358490566
NM,2020-02-10,0
NM,2020-02-11,30.79245283018868
NM,2020-02-12,0
NM,2020-02-13,0
NM,2020-02-14,0
NM,2020-02-15,0
NM,2020-02-16,0
NM,2020-02-17,34.41509433962264
NM,2020-02-18,0
NM,2020-02-19,0
NM,2020-02-20,0
NM,2020-02-21,0
NM,2020-02-22,0
NM,2020-02-23,0
NM,2020-02-24,0
NM,2020-02-25,0
NM,2020-02-26,0
NM,2020-02-27,30.79245283018868
NM,2020-02-28,0
NM,2020-02-29,0
NM,2020-03-01,0
NM,2020-03-02,0
NM,2020-03-03,0
NM,2020-03-04,0
NM,2020-03-05,0
NM,2020-03-06,0
NM,2020-03-07,0
NM,2020-03-08,0
NM,2020-03-09,0
NM,2020-03-10,0
NM,2020-03-11,0
NM,2020-03-12,0
NM,2020-03-13,0
NM,2020-03-14,0
NM,2020-03-15,0
NM,2020-03-16,0
NM,2020-03-17,0
NM,2020-03-18,94.18867924528303
NM,2020-03-19,123.16981132075472
NM,2020-03-20,92.37735849056604
NM,2020-03-21,68.83018867924528
NM,2020-03-22,0
NM,2020-03-23,27.169811320754718
NM,2020-03-24,96
NM,2020-03-25,30.79245283018868
NM,2020-03-26,123.16981132075472
NM,2020-03-27,57.9622641509434
NM,2020-03-28,32.60377358490566
NM,2020-03-29,173.8867924528302
NM,2020-03-30,59.77358490566038
NM,2020-03-31,92.37735849056604
NM,2020-04-01,28.9811320754717
NM,2020-04-02,59.77358490566038
NM,2020-04-03,0
NM,2020-04-04,32.60377358490566
NM,2020-04-05,34.41509433962264
NM,2020-04-06,59.77358490566038
NM,2020-04-07,0
NM,2020-04-08,30.79245283018868
NM,2020-04-09,61.58490566037736
NM,2020-04-10,94.18867924528303
NM,2020-04-11,34.41509433962264
NM,2020-04-12,0
NM,2020-04-13,0
NM,2020-04-14,57.9622641509434
NM,2020-04-15,0
NM,2020-04-16,0
NM,2020-04-17,57.9622641509434
NM,2020-04-18,34.41509433962264
NV,2020-02-01,0
NV,2020-02-02,0
NV,2020-02-03,0
NV,2020-02-04,0
NV,2020-02-05,0
NV,2020-02-06,0
NV,2020-02-07,0
NV,2020-02-08,0
NV,2020-02-09,0
NV,2020-02-10,0
NV,2020-02-11,0
NV,2020-02-12,0
NV,2020-02-13,0
NV,2020-02-14,0
NV,2020-02-15,0
NV,2020-02-16,0
NV,2020-02-17,0
NV,2020-02-18,0
NV,2020-02-19,0
NV,2020-02-20,0
NV,2020-02-21,0
NV,2020-02-22,0
NV,2020-02-23,0
NV,2020-02-24,0
NV,2020-02-25,0
NV,2020-02-26,0
NV,2020-02-27,15.600000000000001
NV,2020-02-28,0
NV,2020-02-29,0
NV,2020-03-01,15.600000000000001
NV,2020-03-02,15.600000000000001
NV,2020-03-03,0
NV,2020-03-04,15.600000000000001
NV,2020-03-05,0
NV,2020-03-06,0
NV,2020-03-07,0
NV,2020-03-08,0
NV,2020-03-09,0
NV,2020-03-10,0
NV,2020-03-11,0
NV,2020-03-12,13.371428571428572
NV,2020-03-13,15.600000000000001
NV,2020-03-14,17.82857142857143
NV,2020-03-15,24.514285714285716
NV,2020-03-16,73.54285714285714
NV,2020-03-17,82.45714285714286
NV,2020-03-18,173.82857142857142
NV,2020-03-19,102.51428571428572
NV,2020-03-20,113.65714285714286
NV,2020-03-21,84.68571428571428
NV,2020-03-22,42.34285714285714
NV,2020-03-23,109.2
NV,2020-03-24,69.08571428571429
NV,2020-03-25,135.94285714285715
NV,2020-03-26,122.57142857142857
NV,2020-03-27,115.88571428571429
NV,2020-03-28,109.2
NV,2020-03-29,106.97142857142858
NV,2020-03-30,118.11428571428571
NV,2020-03-31,104.74285714285715
NV,2020-04-01,71.31428571428572
NV,2020-04-02,93.60000000000001
NV,2020-04-03,73.54285714285714
NV,2020-04-04,64.62857142857143
NV,2020-04-05,33.42857142857143
NV,2020-04-06,80.22857142857143
NV,2020-04-07,75.77142857142857
NV,2020-04-08,111.42857142857143
NV,2020-04-09,75.77142857142857
NV,2020-04-10,84.68571428571428
NV,2020-04-11,33.42857142857143
NV,2020-04-12,66.85714285714286
NV,2020-04-13,133.71428571428572
NV,2020-04-14,35.65714285714286
NV,2020-04-15,82.45714285714286
NV,2020-04-16,111.42857142857143
NV,2020-04-17,49.02857142857143
NV,2020-04-18,46.800000000000004
NY,2020-02-01,0
NY,2020-02-02,0
NY,2020-02-03,1.6415094339622642
NY,2020-02-04,1.6415094339622642
NY,2020-02-05,1.6415094339622642
NY,2020-02-06,4.9245283018867925
NY,2020-02-07,1.6415094339622642
NY,2020-02-08,0
NY,2020-02-09,4.9245283018867925
NY,2020-02-10,0
NY,2020-02-11,4.9245283018867925
NY,2020-02-12,0
NY,2020-02-13,0
NY,2020-02-14,1.6415094339622642
NY,2020-02-15,0
NY,2020-02-16,0
NY,2020-02-17,1.6415094339622642
NY,2020-02-18,0
NY,2020-02-19,1.6415094339622642
NY,2020-02-20,0
NY,2020-02-21,1.6415094339622642
NY,2020-02-22,0
NY,2020-02-23,0
NY,2020-02-24,4.9245283018867925
NY,2020-02-25,0
NY,2020-02-26,0
NY,2020-02-27,1.6415094339622642
NY,2020-02-28,4.9245283018867925
NY,2020-02-29,0
NY,2020-03-01,3.2830188679245285
NY,2020-03-02,0
NY,2020-03-03,6.566037735849057
NY,2020-03-04,1.6415094339622642
NY,2020-03-05,4.9245283018867925
NY,2020-03-06,0
NY,2020-03-07,0
NY,2020-03-08,4.9245283018867925
NY,2020-03-09,0
NY,2020-03-10,0
NY,2020-03-11,1.6415094339622642
NY,2020-03-12,4.9245283018867925
NY,2020-03-13,1.6415094339622642
NY,2020-03-14,16.41509433962264
NY,2020-03-15,9.849056603773585
NY,2020-03-16,34.47169811320755
NY,2020-03-17,41.0377358490566
NY,2020-03-18,50.88679245283019
NY,2020-03-19,83.71698113207547
NY,2020-03-20,78.79245283018868
NY,2020-03-21,52.528301886792455
NY,2020-03-22,39.39622641509434
NY,2020-03-23,80.43396226415095
NY,2020-03-24,85.35849056603774
NY,2020-03-25,95.20754716981132
NY,2020-03-26,131.32075471698113
NY,2020-03-27,101.77358490566039
NY,2020-03-28,80.43396226415095
NY,2020-03-29,73.86792452830188
NY,2020-03-30,134.60377358490567
NY,2020-03-31,142.811320754717
NY,2020-04-01,111.62264150943396
NY,2020-04-02,142.811320754717
NY,2020-04-03,95.20754716981132
NY,2020-04-04,59.09433962264151
NY,2020-04-05,45.9622641509434
NY,2020-04-06,88.64150943396227
NY,2020-04-07,70.58490566037736
NY,2020-04-08,78.79245283018868
NY,2020-04-09,73.86792452830188
NY,2020-04-10,85.35849056603774
NY,2020-04-11,57.45283018867925
NY,2020-04-12,37.75471698113208
NY,2020-04-13,65.66037735849056
NY,2020-04-14,68.9433962264151
NY,2020-04-15,77.15094339622642
NY,2020-04-16,54.16981132075472
NY,2020-04-17,42.67924528301887
NY,2020-04-18,27.90566037735849
OH,2020-02-01,0
OH,2020-02-02,3
OH,2020-02-03,3
OH,2020-02-04,0
OH,2020-02-05,6
OH,2020-02-06,0
OH,2020-02-07,3
OH,2020-02-08,7.5
OH,2020-02-09,0
OH,2020-02-10,3
OH,2020-02-11,0
OH,2020-02-12,0
OH,2020-02-13,3
OH,2020-02-14,3
OH,2020-02-15,3
OH,2020-02-16,0
OH,2020-02-17,3
OH,2020-02-18,6
OH,2020-02-19,0
OH,2020-02-20,3
OH,2020-02-21,3
OH,2020-02-22,0
OH,2020-02-23,0
OH,2020-02-24,3
OH,2020-02-25,3
OH,2020-02-26,4.5
OH,2020-02-27,3
OH,2020-02-28,3
OH,2020-02-29,3
OH,2020-03-01,3
OH,2020-03-02,0
OH,2020-03-03,0
OH,2020-03-04,0
OH,2020-03-05,6
OH,2020-03-06,6
OH,2020-03-07,0
OH,2020-03-08,7.5
OH,2020-03-09,3
OH,2020-03-10,0
OH,2020-03-11,0
OH,2020-03-12,6
OH,2020-03-13,7.5
OH,2020-03-14,3
OH,2020-03-15,24
OH,2020-03-16,72
OH,2020-03-17,51
OH,2020-03-18,63
OH,2020-03-19,78
OH,2020-03-20,51
OH,2020-03-21,39
OH,2020-03-22,57
OH,2020-03-23,90
OH,2020-03-24,58.5
OH,2020-03-25,48
OH,2020-03-26,73.5
OH,2020-03-27,72
OH,2020-03-28,61.5
OH,2020-03-29,43.5
OH,2020-03-30,58.5
OH,2020-03-31,49.5
OH,2020-04-01,46.5
OH,2020-04-02,55.5
OH,2020-04-03,54
OH,2020-04-04,36
OH,2020-04-05,34.5
OH,2020-04-06,61.5
OH,2020-04-07,49.5
OH,2020-04-08,39
OH,2020-04-09,33
OH,2020-04-10,30
OH,2020-04-11,19.5
OH,2020-04-12,34.5
OH,2020-04-13,37.5
OH,2020-04-14,24
OH,2020-04-15,54
OH,2020-04-16,45
OH,2020-04-17,22.5
OH,2020-04-18,10.5
OK,2020-02-01,19.125
OK,2020-02-02,19.125
OK,2020-02-03,29.75
OK,2020-02-04,0
OK,2020-02-05,17
OK,2020-02-06,34
OK,2020-02-07,0
OK,2020-02-08,0
OK,2020-02-09,0
OK,2020-02-10,17
OK,2020-02-11,0
OK,2020-02-12,0
OK,2020-02-13,0
OK,2020-02-14,0
OK,2020-02-15,19.125
OK,2020-02-16,0
OK,2020-02-17,0
OK,2020-02-18,0
OK,2020-02-19,0
OK,2020-02-20,0
OK,2020-02-21,0
OK,2020-02-22,0
OK,2020-02-23,0
OK,2020-02-24,0
OK,2020-02-25,0
OK,2020-02-26,14.875
OK,2020-02-27,0
OK,2020-02-28,17
OK,2020-02-29,0
OK,2020-03-01,0
OK,2020-03-02,14.875
OK,2020-03-03,31.875
OK,2020-03-04,0
OK,2020-03-05,17
OK,2020-03-06,0
OK,2020-03-07,0
OK,2020-03-08,0
OK,2020-03-09,0
OK,2020-03-10,0
OK,2020-03-11,14.875
OK,2020-03-12,29.75
OK,2020-03-13,0
OK,2020-03-14,0
OK,2020-03-15,0
OK,2020-03-16,25.5
OK,2020-03-17,65.875
OK,2020-03-18,68
OK,2020-03-19,59.5
OK,2020-03-20,89.25
OK,2020-03-21,53.125
OK,2020-03-22,44.625
OK,2020-03-23,68
OK,2020-03-24,87.125
OK,2020-03-25,127.5
OK,2020-03-26,178.5
OK,2020-03-27,123.25
OK,2020-03-28,87.125
OK,2020-03-29,44.625
OK,2020-03-30,121.125
OK,2020-03-31,180.625
OK,2020-04-01,85
OK,2020-04-02,170
OK,2020-04-03,106.25
OK,2020-04-04,34
OK,2020-04-05,119
OK,2020-04-06,114.75
OK,2020-04-07,127.5
OK,2020-04-08,136
OK,2020-04-09,91.375
OK,2020-04-10,142.375
OK,2020-04-11,76.5
OK,2020-04-12,59.5
OK,2020-04-13,65.875
OK,2020-04-14,65.875
OK,2020-04-15,70.125
OK,2020-04-16,48.875
OK,2020-04-17,78.625
OK,2020-04-18,74.375
OR,2020-02-01,0
OR,2020-02-02,11.137254901960784
OR,2020-02-03,0
OR,2020-02-04,11.137254901960784
OR,2020-02-05,0
OR,2020-02-06,0
OR,2020-02-07,0
OR,2020-02-08,0
OR,2020-02-09,0
OR,2020-02-10,0
OR,2020-02-11,9.745098039215685
OR,2020-02-12,0
OR,2020-02-13,11.137254901960784
OR,2020-02-14,0
OR,2020-02-15,0
OR,2020-02-16,0
OR,2020-02-17,0
OR,2020-02-18,0
OR,2020-02-19,9.745098039215685
OR,2020-02-20,0
OR,2020-02-21,11.137254901960784
OR,2020-02-22,0
OR,2020-02-23,0
OR,2020-02-24,9.745098039215685
OR,2020-02-25,9.745098039215685
OR,2020-02-26,0
OR,2020-02-27,0
OR,2020-02-28,0
OR,2020-02-29,0
OR,2020-03-01,11.137254901960784
OR,2020-03-02,9.745098039215685
OR,2020-03-03,0
OR,2020-03-04,0
OR,2020-03-05,0
OR,2020-03-06,0
OR,2020-03-07,11.137254901960784
OR,2020-03-08,0
OR,2020-03-09,9.745098039215685
OR,2020-03-10,9.745098039215685
OR,2020-03-11,0
OR,2020-03-12,0
OR,2020-03-13,0
OR,2020-03-14,0
OR,2020-03-15,11.137254901960784
OR,2020-03-16,57.07843137254902
OR,2020-03-17,97.45098039215686
OR,2020-03-18,38.98039215686274
OR,2020-03-19,50.11764705882353
OR,2020-03-20,48.72549019607843
OR,2020-03-21,38.98039215686274
OR,2020-03-22,38.98039215686274
OR,2020-03-23,44.549019607843135
OR,2020-03-24,58.470588235294116
OR,2020-03-25,58.470588235294116
OR,2020-03-26,75.17647058823529
OR,2020-03-27,98.84313725490196
OR,2020-03-28,62.647058823529406
OR,2020-03-29,62.647058823529406
OR,2020-03-30,65.4313725490196
OR,2020-03-31,73.7843137254902
OR,2020-04-01,68.2156862745098
OR,2020-04-02,83.52941176470588
OR,2020-04-03,55.68627450980392
OR,2020-04-04,20.88235294117647
OR,2020-04-05,26.45098039215686
OR,2020-04-06,44.549019607843135
OR,2020-04-07,32.01960784313725
OR,2020-04-08,41.76470588235294
OR,2020-04-09,23.666666666666664
OR,2020-04-10,62.647058823529406
OR,2020-04-11,22.274509803921568
OR,2020-04-12,22.274509803921568
OR,2020-04-13,45.94117647058823
OR,2020-04-14,36.19607843137255
OR,2020-04-15,22.274509803921568
OR,2020-04-16,36.19607843137255
OR,2020-04-17,18.098039215686274
OR,2020-04-18,30.627450980392155
PA,2020-02-01,0
PA,2020-02-02,0
PA,2020-02-03,3.450980392156863
PA,2020-02-04,3.450980392156863
PA,2020-02-05,0
PA,2020-02-06,0
PA,2020-02-07,0
PA,2020-02-08,0
PA,2020-02-09,5.176470588235294
PA,2020-02-10,0
PA,2020-02-11,3.450980392156863
PA,2020-02-12,0
PA,2020-02-13,0
PA,2020-02-14,0
PA,2020-02-15,0
PA,2020-02-16,5.176470588235294
PA,2020-02-17,0
PA,2020-02-18,0
PA,2020-02-19,0
PA,2020-02-20,3.450980392156863
PA,2020-02-21,3.450980392156863
PA,2020-02-22,0
PA,2020-02-23,6.901960784313726
PA,2020-02-24,8.627450980392158
PA,2020-02-25,8.627450980392158
PA,2020-02-26,0
PA,2020-02-27,5.176470588235294
PA,2020-02-28,0
PA,2020-02-29,5.176470588235294
PA,2020-03-01,5.176470588235294
PA,2020-03-02,12.07843137254902
PA,2020-03-03,3.450980392156863
PA,2020-03-04,3.450980392156863
PA,2020-03-05,8.627450980392158
PA,2020-03-06,0
PA,2020-03-07,5.176470588235294
PA,2020-03-08,0
PA,2020-03-09,6.901960784313726
PA,2020-03-10,3.450980392156863
PA,2020-03-11,3.450980392156863
PA,2020-03-12,5.176470588235294
PA,2020-03-13,6.901960784313726
PA,2020-03-14,12.07843137254902
PA,2020-03-15,12.07843137254902
PA,2020-03-16,62.117647058823536
PA,2020-03-17,86.27450980392157
PA,2020-03-18,56.94117647058824
PA,2020-03-19,77.64705882352942
PA,2020-03-20,151.84313725490196
PA,2020-03-21,79.37254901960785
PA,2020-03-22,65.5686274509804
PA,2020-03-23,81.09803921568628
PA,2020-03-24,48.31372549019608
PA,2020-03-25,63.84313725490196
PA,2020-03-26,88
PA,2020-03-27,105.25490196078432
PA,2020-03-28,105.25490196078432
PA,2020-03-29,63.84313725490196
PA,2020-03-30,88
PA,2020-03-31,96.62745098039215
PA,2020-04-01,62.117647058823536
PA,2020-04-02,79.37254901960785
PA,2020-04-03,70.74509803921569
PA,2020-04-04,41.411764705882355
PA,2020-04-05,63.84313725490196
PA,2020-04-06,56.94117647058824
PA,2020-04-07,74.19607843137256
PA,2020-04-08,63.84313725490196
PA,2020-04-09,74.19607843137256
PA,2020-04-10,50.03921568627451
PA,2020-04-11,39.68627450980392
PA,2020-04-12,36.23529411764706
PA,2020-04-13,79.37254901960785
PA,2020-04-14,67.29411764705883
PA,2020-04-15,62.117647058823536
PA,2020-04-16,51.76470588235294
PA,2020-04-17,48.31372549019608
PA,2020-04-18,36.23529411764706
RI,2020-02-01,0
RI,2020-02-02,0
RI,2020-02-03,0
RI,2020-02-04,0
RI,2020-02-05,0
RI,2020-02-06,0
RI,2020-02-07,0
RI,2020-02-08,0
RI,2020-02-09,0
RI,2020-02-10,0
RI,2020-02-11,0
RI,2020-02-12,0
RI,2020-02-13,0
RI,2020-02-14,0
RI,2020-02-15,43.92156862745098
RI,2020-02-16,0
RI,2020-02-17,0
RI,2020-02-18,0
RI,2020-02-19,0
RI,2020-02-20,0
RI,2020-02-21,0
RI,2020-02-22,0
RI,2020-02-23,0
RI,2020-02-24,0
RI,2020-02-25,0
RI,2020-02-26,0
RI,2020-02-27,0
RI,2020-02-28,0
RI,2020-02-29,41.1764705882353
RI,2020-03-01,0
RI,2020-03-02,0
RI,2020-03-03,0
RI,2020-03-04,0
RI,2020-03-05,0
RI,2020-03-06,0
RI,2020-03-07,0
RI,2020-03-08,0
RI,2020-03-09,35.68627450980392
RI,2020-03-10,0
RI,2020-03-11,0
RI,2020-03-12,0
RI,2020-03-13,0
RI,2020-03-14,41.1764705882353
RI,2020-03-15,0
RI,2020-03-16,35.68627450980392
RI,2020-03-17,35.68627450980392
RI,2020-03-18,54.90196078431373
RI,2020-03-19,35.68627450980392
RI,2020-03-20,53.529411764705884
RI,2020-03-21,60.3921568627451
RI,2020-03-22,78.23529411764706
RI,2020-03-23,43.92156862745098
RI,2020-03-24,80.98039215686275
RI,2020-03-25,64.50980392156863
RI,2020-03-26,49.411764705882355
RI,2020-03-27,96.07843137254902
RI,2020-03-28,38.431372549019606
RI,2020-03-29,35.68627450980392
RI,2020-03-30,75.49019607843137
RI,2020-03-31,31.568627450980394
RI,2020-04-01,31.568627450980394
RI,2020-04-02,61.76470588235294
RI,2020-04-03,48.03921568627451
RI,2020-04-04,0
RI,2020-04-05,75.49019607843137
RI,2020-04-06,48.03921568627451
RI,2020-04-07,32.94117647058823
RI,2020-04-08,94.70588235294117
RI,2020-04-09,49.411764705882355
RI,2020-04-10,34.31372549019608
RI,2020-04-11,38.431372549019606
RI,2020-04-12,39.80392156862745
RI,2020-04-13,61.76470588235294
RI,2020-04-14,48.03921568627451
RI,2020-04-15,60.3921568627451
RI,2020-04-16,61.76470588235294
RI,2020-04-17,49.411764705882355
RI,2020-04-18,0
SC,2020-02-01,15.686274509803921
SC,2020-02-02,0
SC,2020-02-03,0
SC,2020-02-04,0
SC,2020-02-05,13.72549019607843
SC,2020-02-06,0
SC,2020-02-07,0
SC,2020-02-08,0
SC,2020-02-09,0
SC,2020-02-10,0
SC,2020-02-11,13.72549019607843
SC,2020-02-12,0
SC,2020-02-13,0
SC,2020-02-14,0
SC,2020-02-15,15.686274509803921
SC,2020-02-16,0
SC,2020-02-17,0
SC,2020-02-18,11.76470588235294
SC,2020-02-19,0
SC,2020-02-20,0
SC,2020-02-21,0
SC,2020-02-22,0
SC,2020-02-23,0
SC,2020-02-24,11.76470588235294
SC,2020-02-25,0
SC,2020-02-26,11.76470588235294
SC,2020-02-27,0
SC,2020-02-28,0
SC,2020-02-29,0
SC,2020-03-01,15.686274509803921
SC,2020-03-02,0
SC,2020-03-03,0
SC,2020-03-04,0
SC,2020-03-05,0
SC,2020-03-06,13.72549019607843
SC,2020-03-07,0
SC,2020-03-08,0
SC,2020-03-09,13.72549019607843
SC,2020-03-10,0
SC,2020-03-11,25.49019607843137
SC,2020-03-12,0
SC,2020-03-13,0
SC,2020-03-14,0
SC,2020-03-15,0
SC,2020-03-16,19.6078431372549
SC,2020-03-17,50.98039215686274
SC,2020-03-18,76.47058823529412
SC,2020-03-19,64.70588235294117
SC,2020-03-20,88.23529411764706
SC,2020-03-21,21.56862745098039
SC,2020-03-22,43.13725490196078
SC,2020-03-23,160.7843137254902
SC,2020-03-24,90.19607843137254
SC,2020-03-25,74.50980392156862
SC,2020-03-26,119.6078431372549
SC,2020-03-27,90.19607843137254
SC,2020-03-28,72.54901960784314
SC,2020-03-29,56.86274509803921
SC,2020-03-30,139.2156862745098
SC,2020-03-31,139.2156862745098
SC,2020-04-01,168.62745098039215
SC,2020-04-02,196.078431372549
SC,2020-04-03,107.84313725490196
SC,2020-04-04,56.86274509803921
SC,2020-04-05,78.4313725490196
SC,2020-04-06,125.49019607843137
SC,2020-04-07,98.0392156862745
SC,2020-04-08,92.15686274509804
SC,2020-04-09,100
SC,2020-04-10,98.0392156862745
SC,2020-04-11,50.98039215686274
SC,2020-04-12,76.47058823529412
SC,2020-04-13,54.90196078431372
SC,2020-04-14,86.27450980392156
SC,2020-04-15,111.76470588235294
SC,2020-04-16,60.78431372549019
SC,2020-04-17,86.27450980392156
SC,2020-04-18,41.17647058823529
SD,2020-02-01,0
SD,2020-02-02,0
SD,2020-02-03,0
SD,2020-02-04,0
SD,2020-02-05,0
SD,2020-02-06,0
SD,2020-02-07,0
SD,2020-02-08,0
SD,2020-02-09,0
SD,2020-02-10,0
SD,2020-02-11,0
SD,2020-02-12,0
SD,2020-02-13,0
SD,2020-02-14,0
SD,2020-02-15,0
SD,2020-02-16,0
SD,2020-02-17,0
SD,2020-02-18,0
SD,2020-02-19,0
SD,2020-02-20,0
SD,2020-02-21,0
SD,2020-02-22,0
SD,2020-02-23,0
SD,2020-02-24,0
SD,2020-02-25,0
SD,2020-02-26,0
SD,2020-02-27,0
SD,2020-02-28,0
SD,2020-02-29,0
SD,2020-03-01,0
SD,2020-03-02,0
SD,2020-03-03,0
SD,2020-03-04,0
SD,2020-03-05,0
SD,2020-03-06,0
SD,2020-03-07,0
SD,2020-03-08,0
SD,2020-03-09,0
SD,2020-03-10,0
SD,2020-03-11,0
SD,2020-03-12,0
SD,2020-03-13,0
SD,2020-03-14,0
SD,2020-03-15,0
SD,2020-03-16,0
SD,2020-03-17,85.29411764705883
SD,2020-03-18,88.23529411764707
SD,2020-03-19,0
SD,2020-03-20,82.3529411764706
SD,2020-03-21,0
SD,2020-03-22,94.11764705882354
SD,2020-03-23,0
SD,2020-03-24,79.41176470588236
SD,2020-03-25,76.47058823529412
SD,2020-03-26,232.3529411764706
SD,2020-03-27,73.52941176470588
SD,2020-03-28,0
SD,2020-03-29,91.1764705882353
SD,2020-03-30,0
SD,2020-03-31,0
SD,2020-04-01,0
SD,2020-04-02,0
SD,2020-04-03,0
SD,2020-04-04,0
SD,2020-04-05,0
SD,2020-04-06,76.47058823529412
SD,2020-04-07,0
SD,2020-04-08,76.47058823529412
SD,2020-04-09,76.47058823529412
SD,2020-04-10,85.29411764705883
SD,2020-04-11,0
SD,2020-04-12,0
SD,2020-04-13,79.41176470588236
SD,2020-04-14,0
SD,2020-04-15,214.7058823529412
SD,2020-04-16,294.11764705882354
SD,2020-04-17,0
SD,2020-04-18,94.11764705882354
TN,2020-02-01,0
TN,2020-02-02,0
TN,2020-02-03,0
TN,2020-02-04,5.5588235294117645
TN,2020-02-05,0
TN,2020-02-06,0
TN,2020-02-07,0
TN,2020-02-08,0
TN,2020-02-09,0
TN,2020-02-10,0
TN,2020-02-11,0
TN,2020-02-12,0
TN,2020-02-13,0
TN,2020-02-14,0
TN,2020-02-15,0
TN,2020-02-16,7.411764705882353
TN,2020-02-17,0
TN,2020-02-18,0
TN,2020-02-19,0
TN,2020-02-20,0
TN,2020-02-21,0
TN,2020-02-22,0
TN,2020-02-23,0
TN,2020-02-24,0
TN,2020-02-25,0
TN,2020-02-26,5.5588235294117645
TN,2020-02-27,0
TN,2020-02-28,5.5588235294117645
TN,2020-02-29,0
TN,2020-03-01,0
TN,2020-03-02,0
TN,2020-03-03,0
TN,2020-03-04,0
TN,2020-03-05,0
TN,2020-03-06,0
TN,2020-03-07,0
TN,2020-03-08,0
TN,2020-03-09,0
TN,2020-03-10,11.117647058823529
TN,2020-03-11,0
TN,2020-03-12,0
TN,2020-03-13,11.117647058823529
TN,2020-03-14,0
TN,2020-03-15,0
TN,2020-03-16,16.676470588235293
TN,2020-03-17,16.676470588235293
TN,2020-03-18,35.20588235294118
TN,2020-03-19,35.20588235294118
TN,2020-03-20,53.73529411764706
TN,2020-03-21,31.5
TN,2020-03-22,42.61764705882353
TN,2020-03-23,77.82352941176471
TN,2020-03-24,59.294117647058826
TN,2020-03-25,50.029411764705884
TN,2020-03-26,116.73529411764706
TN,2020-03-27,100.05882352941177
TN,2020-03-28,57.44117647058824
TN,2020-03-29,68.55882352941177
TN,2020-03-30,92.64705882352942
TN,2020-03-31,96.3529411764706
TN,2020-04-01,70.41176470588236
TN,2020-04-02,98.20588235294117
TN,2020-04-03,100.05882352941177
TN,2020-04-04,38.911764705882355
TN,2020-04-05,12.970588235294118
TN,2020-04-06,85.23529411764706
TN,2020-04-07,66.70588235294117
TN,2020-04-08,87.08823529411765
TN,2020-04-09,100.05882352941177
TN,2020-04-10,51.88235294117647
TN,2020-04-11,51.88235294117647
TN,2020-04-12,29.647058823529413
TN,2020-04-13,51.88235294117647
TN,2020-04-14,48.1764705882353
TN,2020-04-15,68.55882352941177
TN,2020-04-16,37.05882352941177
TN,2020-04-17,27.794117647058826
TN,2020-04-18,11.117647058823529
TX,2020-02-01,0
TX,2020-02-02,0
TX,2020-02-03,0
TX,2020-02-04,1.1764705882352942
TX,2020-02-05,0
TX,2020-02-06,1.1764705882352942
TX,2020-02-07,1.1764705882352942
TX,2020-02-08,2.3529411764705883
TX,2020-02-09,2.3529411764705883
TX,2020-02-10,0
TX,2020-02-11,1.1764705882352942
TX,2020-02-12,1.1764705882352942
TX,2020-02-13,0
TX,2020-02-14,0
TX,2020-02-15,0
TX,2020-02-16,0
TX,2020-02-17,1.1764705882352942
TX,2020-02-18,0
TX,2020-02-19,0
TX,2020-02-20,0
TX,2020-02-21,2.3529411764705883
TX,2020-02-22,1.1764705882352942
TX,2020-02-23,0
TX,2020-02-24,0
TX,2020-02-25,3.5294117647058822
TX,2020-02-26,0
TX,2020-02-27,1.1764705882352942
TX,2020-02-28,0
TX,2020-02-29,0
TX,2020-03-01,0
TX,2020-03-02,1.1764705882352942
TX,2020-03-03,1.1764705882352942
TX,2020-03-04,1.1764705882352942
TX,2020-03-05,0
TX,2020-03-06,0
TX,2020-03-07,3.5294117647058822
TX,2020-03-08,0
TX,2020-03-09,1.1764705882352942
TX,2020-03-10,1.1764705882352942
TX,2020-03-11,1.1764705882352942
TX,2020-03-12,1.1764705882352942
TX,2020-03-13,3.5294117647058822
TX,2020-03-14,4.705882352941177
TX,2020-03-15,1.1764705882352942
TX,2020-03-16,4.705882352941177
TX,2020-03-17,10.588235294117647
TX,2020-03-18,12.941176470588236
TX,2020-03-19,17.647058823529413
TX,2020-03-20,28.235294117647058
TX,2020-03-21,5.882352941176471
TX,2020-03-22,12.941176470588236
TX,2020-03-23,25.88235294117647
TX,2020-03-24,25.88235294117647
TX,2020-03-25,29.411764705882355
TX,2020-03-26,47.05882352941177
TX,2020-03-27,29.411764705882355
TX,2020-03-28,36.470588235294116
TX,2020-03-29,24.705882352941178
TX,2020-03-30,28.235294117647058
TX,2020-03-31,37.64705882352941
TX,2020-04-01,36.470588235294116
TX,2020-04-02,38.82352941176471
TX,2020-04-03,31.764705882352942
TX,2020-04-04,25.88235294117647
TX,2020-04-05,14.117647058823529
TX,2020-04-06,21.176470588235293
TX,2020-04-07,23.529411764705884
TX,2020-04-08,20
TX,2020-04-09,20
TX,2020-04-10,24.705882352941178
TX,2020-04-11,10.588235294117647
TX,2020-04-12,17.647058823529413
TX,2020-04-13,16.47058823529412
TX,2020-04-14,22.35294117647059
TX,2020-04-15,17.647058823529413
TX,2020-04-16,16.47058823529412
TX,2020-04-17,20
TX,2020-04-18,10.588235294117647
UT,2020-02-01,0
UT,2020-02-02,0
UT,2020-02-03,0
UT,2020-02-04,0
UT,2020-02-05,0
UT,2020-02-06,0
UT,2020-02-07,8.029411764705882
UT,2020-02-08,0
UT,2020-02-09,0
UT,2020-02-10,0
UT,2020-02-11,0
UT,2020-02-12,0
UT,2020-02-13,0
UT,2020-02-14,0
UT,2020-02-15,0
UT,2020-02-16,0
UT,2020-02-17,0
UT,2020-02-18,0
UT,2020-02-19,0
UT,2020-02-20,0
UT,2020-02-21,0
UT,2020-02-22,0
UT,2020-02-23,0
UT,2020-02-24,0
UT,2020-02-25,0
UT,2020-02-26,0
UT,2020-02-27,0
UT,2020-02-28,0
UT,2020-02-29,0
UT,2020-03-01,0
UT,2020-03-02,0
UT,2020-03-03,0
UT,2020-03-04,0
UT,2020-03-05,0
UT,2020-03-06,0
UT,2020-03-07,0
UT,2020-03-08,0
UT,2020-03-09,6.88235294117647
UT,2020-03-10,0
UT,2020-03-11,0
UT,2020-03-12,0
UT,2020-03-13,0
UT,2020-03-14,0
UT,2020-03-15,0
UT,2020-03-16,14.911764705882351
UT,2020-03-17,0
UT,2020-03-18,0
UT,2020-03-19,12.617647058823529
UT,2020-03-20,6.88235294117647
UT,2020-03-21,16.058823529411764
UT,2020-03-22,16.058823529411764
UT,2020-03-23,12.617647058823529
UT,2020-03-24,19.5
UT,2020-03-25,19.5
UT,2020-03-26,12.617647058823529
UT,2020-03-27,0
UT,2020-03-28,14.911764705882351
UT,2020-03-29,16.058823529411764
UT,2020-03-30,32.11764705882353
UT,2020-03-31,6.88235294117647
UT,2020-04-01,37.85294117647059
UT,2020-04-02,44.73529411764706
UT,2020-04-03,26.382352941176467
UT,2020-04-04,8.029411764705882
UT,2020-04-05,16.058823529411764
UT,2020-04-06,26.382352941176467
UT,2020-04-07,20.64705882352941
UT,2020-04-08,0
UT,2020-04-09,13.76470588235294
UT,2020-04-10,6.88235294117647
UT,2020-04-11,8.029411764705882
UT,2020-04-12,16.058823529411764
UT,2020-04-13,26.382352941176467
UT,2020-04-14,32.11764705882353
UT,2020-04-15,18.352941176470587
UT,2020-04-16,5.735294117647058
UT,2020-04-17,6.88235294117647
UT,2020-04-18,8.029411764705882
VA,2020-02-01,0
VA,2020-02-02,3
VA,2020-02-03,4.5
VA,2020-02-04,0
VA,2020-02-05,0
VA,2020-02-06,3
VA,2020-02-07,0
VA,2020-02-08,3
VA,2020-02-09,0
VA,2020-02-10,6
VA,2020-02-11,0
VA,2020-02-12,0
VA,2020-02-13,0
VA,2020-02-14,0
VA,2020-02-15,0
VA,2020-02-16,3
VA,2020-02-17,3
VA,2020-02-18,3
VA,2020-02-19,3
VA,2020-02-20,3
VA,2020-02-21,0
VA,2020-02-22,0
VA,2020-02-23,0
VA,2020-02-24,0
VA,2020-02-25,0
VA,2020-02-26,3
VA,2020-02-27,0
VA,2020-02-28,0
VA,2020-02-29,0
VA,2020-03-01,0
VA,2020-03-02,0
VA,2020-03-03,0
VA,2020-03-04,3
VA,2020-03-05,0
VA,2020-03-06,0
VA,2020-03-07,0
VA,2020-03-08,0
VA,2020-03-09,0
VA,2020-03-10,0
VA,2020-03-11,0
VA,2020-03-12,3
VA,2020-03-13,3
VA,2020-03-14,7.5
VA,2020-03-15,3
VA,2020-03-16,10.5
VA,2020-03-17,19.5
VA,2020-03-18,27
VA,2020-03-19,37.5
VA,2020-03-20,28.5
VA,2020-03-21,16.5
VA,2020-03-22,21
VA,2020-03-23,34.5
VA,2020-03-24,49.5
VA,2020-03-25,40.5
VA,2020-03-26,72
VA,2020-03-27,52.5
VA,2020-03-28,36
VA,2020-03-29,33
VA,2020-03-30,34.5
VA,2020-03-31,55.5
VA,2020-04-01,61.5
VA,2020-04-02,55.5
VA,2020-04-03,34.5
VA,2020-04-04,24
VA,2020-04-05,30
VA,2020-04-06,33
VA,2020-04-07,46.5
VA,2020-04-08,36
VA,2020-04-09,34.5
VA,2020-04-10,31.5
VA,2020-04-11,13.5
VA,2020-04-12,24
VA,2020-04-13,30
VA,2020-04-14,30
VA,2020-04-15,31.5
VA,2020-04-16,27
VA,2020-04-17,27
VA,2020-04-18,21
VT,2020-02-01,121.875
VT,2020-02-02,0
VT,2020-02-03,0
VT,2020-02-04,0
VT,2020-02-05,0
VT,2020-02-06,0
VT,2020-02-07,0
VT,2020-02-08,0
VT,2020-02-09,0
VT,2020-02-10,0
VT,2020-02-11,0
VT,2020-02-12,0
VT,2020-02-13,0
VT,2020-02-14,0
VT,2020-02-15,0
VT,2020-02-16,0
VT,2020-02-17,0
VT,2020-02-18,96.875
VT,2020-02-19,0
VT,2020-02-20,0
VT,2020-02-21,0
VT,2020-02-22,0
VT,2020-02-23,0
VT,2020-02-24,0
VT,2020-02-25,0
VT,2020-02-26,0
VT,2020-02-27,0
VT,2020-02-28,0
VT,2020-02-29,0
VT,2020-03-01,0
VT,2020-03-02,103.125
VT,2020-03-03,0
VT,2020-03-04,96.875
VT,2020-03-05,0
VT,2020-03-06,0
VT,2020-03-07,0
VT,2020-03-08,0
VT,2020-03-09,0
VT,2020-03-10,0
VT,2020-03-11,0
VT,2020-03-12,0
VT,2020-03-13,0
VT,2020-03-14,0
VT,2020-03-15,0
VT,2020-03-16,100
VT,2020-03-17,96.875
VT,2020-03-18,103.125
VT,2020-03-19,96.875
VT,2020-03-20,0
VT,2020-03-21,109.375
VT,2020-03-22,112.5
VT,2020-03-23,84.375
VT,2020-03-24,0
VT,2020-03-25,93.75
VT,2020-03-26,93.75
VT,2020-03-27,87.5
VT,2020-03-28,165.625
VT,2020-03-29,103.125
VT,2020-03-30,256.25
VT,2020-03-31,134.375
VT,2020-04-01,225
VT,2020-04-02,171.875
VT,2020-04-03,181.25
VT,2020-04-04,0
VT,2020-04-05,312.5
VT,2020-04-06,0
VT,2020-04-07,96.875
VT,2020-04-08,90.625
VT,2020-04-09,87.5
VT,2020-04-10,0
VT,2020-04-11,103.125
VT,2020-04-12,0
VT,2020-04-13,181.25
VT,2020-04-14,90.625
VT,2020-04-15,131.25
VT,2020-04-16,87.5
VT,2020-04-17,175
VT,2020-04-18,103.125
WA,2020-02-01,0
WA,2020-02-02,4.125
WA,2020-02-03,0
WA,2020-02-04,2.75
WA,2020-02-05,4.125
WA,2020-02-06,0
WA,2020-02-07,4.125
WA,2020-02-08,0
WA,2020-02-09,0
WA,2020-02-10,4.125
WA,2020-02-11,2.75
WA,2020-02-12,4.125
WA,2020-02-13,4.125
WA,2020-02-14,4.125
WA,2020-02-15,0
WA,2020-02-16,0
WA,2020-02-17,0
WA,2020-02-18,0
WA,2020-02-19,4.125
WA,2020-02-20,0
WA,2020-02-21,0
WA,2020-02-22,0
WA,2020-02-23,0
WA,2020-02-24,2.75
WA,2020-02-25,2.75
WA,2020-02-26,0
WA,2020-02-27,0
WA,2020-02-28,0
WA,2020-02-29,0
WA,2020-03-01,0
WA,2020-03-02,6.875
WA,2020-03-03,0
WA,2020-03-04,0
WA,2020-03-05,0
WA,2020-03-06,0
WA,2020-03-07,0
WA,2020-03-08,4.125
WA,2020-03-09,0
WA,2020-03-10,2.75
WA,2020-03-11,0
WA,2020-03-12,6.875
WA,2020-03-13,9.625
WA,2020-03-14,4.125
WA,2020-03-15,4.125
WA,2020-03-16,22
WA,2020-03-17,33
WA,2020-03-18,28.875
WA,2020-03-19,15.125
WA,2020-03-20,20.625
WA,2020-03-21,26.125
WA,2020-03-22,9.625
WA,2020-03-23,23.375
WA,2020-03-24,17.875
WA,2020-03-25,19.25
WA,2020-03-26,60.5
WA,2020-03-27,37.125
WA,2020-03-28,37.125
WA,2020-03-29,28.875
WA,2020-03-30,41.25
WA,2020-03-31,37.125
WA,2020-04-01,31.625
WA,2020-04-02,20.625
WA,2020-04-03,24.75
WA,2020-04-04,17.875
WA,2020-04-05,22
WA,2020-04-06,22
WA,2020-04-07,34.375
WA,2020-04-08,22
WA,2020-04-09,17.875
WA,2020-04-10,9.625
WA,2020-04-11,16.5
WA,2020-04-12,27.5
WA,2020-04-13,17.875
WA,2020-04-14,15.125
WA,2020-04-15,16.5
WA,2020-04-16,22
WA,2020-04-17,9.625
WA,2020-04-18,9.625
WI,2020-02-01,0
WI,2020-02-02,0
WI,2020-02-03,0
WI,2020-02-04,0
WI,2020-02-05,0
WI,2020-02-06,4.526315789473684
WI,2020-02-07,0
WI,2020-02-08,0
WI,2020-02-09,0
WI,2020-02-10,0
WI,2020-02-11,4.526315789473684
WI,2020-02-12,0
WI,2020-02-13,4.526315789473684
WI,2020-02-14,0
WI,2020-02-15,0
WI,2020-02-16,0
WI,2020-02-17,4.526315789473684
WI,2020-02-18,0
WI,2020-02-19,0
WI,2020-02-20,0
WI,2020-02-21,0
WI,2020-02-22,5.657894736842105
WI,2020-02-23,0
WI,2020-02-24,0
WI,2020-02-25,0
WI,2020-02-26,0
WI,2020-02-27,0
WI,2020-02-28,0
WI,2020-02-29,0
WI,2020-03-01,5.657894736842105
WI,2020-03-02,4.526315789473684
WI,2020-03-03,0
WI,2020-03-04,4.526315789473684
WI,2020-03-05,0
WI,2020-03-06,0
WI,2020-03-07,0
WI,2020-03-08,0
WI,2020-03-09,0
WI,2020-03-10,0
WI,2020-03-11,0
WI,2020-03-12,0
WI,2020-03-13,4.526315789473684
WI,2020-03-14,10.18421052631579
WI,2020-03-15,10.18421052631579
WI,2020-03-16,6.789473684210526
WI,2020-03-17,21.5
WI,2020-03-18,32.81578947368421
WI,2020-03-19,28.289473684210524
WI,2020-03-20,32.81578947368421
WI,2020-03-21,19.236842105263158
WI,2020-03-22,16.973684210526315
WI,2020-03-23,33.94736842105263
WI,2020-03-24,29.421052631578945
WI,2020-03-25,45.26315789473684
WI,2020-03-26,41.868421052631575
WI,2020-03-27,44.13157894736842
WI,2020-03-28,48.6578947368421
WI,2020-03-29,33.94736842105263
WI,2020-03-30,43
WI,2020-03-31,38.473684210526315
WI,2020-04-01,35.078947368421055
WI,2020-04-02,29.421052631578945
WI,2020-04-03,19.236842105263158
WI,2020-04-04,13.578947368421051
WI,2020-04-05,19.236842105263158
WI,2020-04-06,29.421052631578945
WI,2020-04-07,16.973684210526315
WI,2020-04-08,15.842105263157894
WI,2020-04-09,18.105263157894736
WI,2020-04-10,26.026315789473685
WI,2020-04-11,6.789473684210526
WI,2020-04-12,18.105263157894736
WI,2020-04-13,20.36842105263158
WI,2020-04-14,16.973684210526315
WI,2020-04-15,13.578947368421051
WI,2020-04-16,15.842105263157894
WI,2020-04-17,13.578947368421051
WI,2020-04-18,9.052631578947368
WV,2020-02-01,0
WV,2020-02-02,0
WV,2020-02-03,0
WV,2020-02-04,0
WV,2020-02-05,0
WV,2020-02-06,0
WV,2020-02-07,0
WV,2020-02-08,0
WV,2020-02-09,0
WV,2020-02-10,0
WV,2020-02-11,0
WV,2020-02-12,0
WV,2020-02-13,0
WV,2020-02-14,0
WV,2020-02-15,0
WV,2020-02-16,0
WV,2020-02-17,0
WV,2020-02-18,0
WV,2020-02-19,0
WV,2020-02-20,0
WV,2020-02-21,0
WV,2020-02-22,0
WV,2020-02-23,0
WV,2020-02-24,0
WV,2020-02-25,34.125
WV,2020-02-26,0
WV,2020-02-27,0
WV,2020-02-28,0
WV,2020-02-29,0
WV,2020-03-01,0
WV,2020-03-02,0
WV,2020-03-03,0
WV,2020-03-04,0
WV,2020-03-05,36.5625
WV,2020-03-06,0
WV,2020-03-07,0
WV,2020-03-08,0
WV,2020-03-09,0
WV,2020-03-10,0
WV,2020-03-11,0
WV,2020-03-12,36.5625
WV,2020-03-13,0
WV,2020-03-14,0
WV,2020-03-15,0
WV,2020-03-16,36.5625
WV,2020-03-17,34.125
WV,2020-03-18,70.6875
WV,2020-03-19,70.6875
WV,2020-03-20,51.1875
WV,2020-03-21,73.125
WV,2020-03-22,56.0625
WV,2020-03-23,29.25
WV,2020-03-24,34.125
WV,2020-03-25,82.875
WV,2020-03-26,70.6875
WV,2020-03-27,80.4375
WV,2020-03-28,56.0625
WV,2020-03-29,129.1875
WV,2020-03-30,97.5
WV,2020-03-31,63.375
WV,2020-04-01,190.125
WV,2020-04-02,114.5625
WV,2020-04-03,68.25
WV,2020-04-04,39
WV,2020-04-05,36.5625
WV,2020-04-06,114.5625
WV,2020-04-07,51.1875
WV,2020-04-08,48.75
WV,2020-04-09,82.875
WV,2020-04-10,68.25
WV,2020-04-11,0
WV,2020-04-12,36.5625
WV,2020-04-13,48.75
WV,2020-04-14,31.6875
WV,2020-04-15,31.6875
WV,2020-04-16,60.9375
WV,2020-04-17,48.75
WV,2020-04-18,34.125
WY,2020-02-01,0
WY,2020-02-02,150
WY,2020-02-03,0
WY,2020-02-04,0
WY,2020-02-05,0
WY,2020-02-06,0
WY,2020-02-07,0
WY,2020-02-08,0
WY,2020-02-09,0
WY,2020-02-10,0
WY,2020-02-11,0
WY,2020-02-12,0
WY,2020-02-13,0
WY,2020-02-14,0
WY,2020-02-15,0
WY,2020-02-16,0
WY,2020-02-17,0
WY,2020-02-18,0
WY,2020-02-19,0
WY,2020-02-20,0
WY,2020-02-21,0
WY,2020-02-22,0
WY,2020-02-23,0
WY,2020-02-24,0
WY,2020-02-25,0
WY,2020-02-26,0
WY,2020-02-27,0
WY,2020-02-28,0
WY,2020-02-29,0
WY,2020-03-01,0
WY,2020-03-02,0
WY,2020-03-03,0
WY,2020-03-04,0
WY,2020-03-05,136.84210526315792
WY,2020-03-06,0
WY,2020-03-07,0
WY,2020-03-08,0
WY,2020-03-09,0
WY,2020-03-10,0
WY,2020-03-11,0
WY,2020-03-12,0
WY,2020-03-13,0
WY,2020-03-14,0
WY,2020-03-15,0
WY,2020-03-16,0
WY,2020-03-17,128.94736842105263
WY,2020-03-18,0
WY,2020-03-19,128.94736842105263
WY,2020-03-20,118.42105263157896
WY,2020-03-21,0
WY,2020-03-22,0
WY,2020-03-23,0
WY,2020-03-24,192.10526315789474
WY,2020-03-25,123.6842105263158
WY,2020-03-26,123.6842105263158
WY,2020-03-27,176.31578947368422
WY,2020-03-28,263.15789473684214
WY,2020-03-29,0
WY,2020-03-30,0
WY,2020-03-31,118.42105263157896
WY,2020-04-01,0
WY,2020-04-02,0
WY,2020-04-03,0
WY,2020-04-04,136.84210526315792
WY,2020-04-05,136.84210526315792
WY,2020-04-06,110.5263157894737
WY,2020-04-07,0
WY,2020-04-08,0
WY,2020-04-09,0
WY,2020-04-10,0
WY,2020-04-11,0
WY,2020-04-12,0
WY,2020-04-13,0
WY,2020-04-14,0
WY,2020-04-15,0
WY,2020-04-16,107.89473684210527
WY,2020-04-17,0
WY,2020-04-18,0
